,Number of Days Driven,Driver ID
0,56,002be0ffdc997bd5c50703158b7c2491
1,12,007f0389f9c7b03ef97098422f902e62
2,12,011e5c5dfc5c2c92501b8b24d47509bc
3,40,0152a2f305e71d26cc964f8d4411add9
4,40,01674381af7edd264113d4e6ed55ecda
5,0,01788cf817698fe68eaecd7eb18b2f72
6,25,0213f8b59219e32142711992ca4ec01f
7,17,021e5cd15ef0bb3ec20a12af99e142b3
8,42,0258e250ca195cc6258cbdc75aecd853
9,39,028b5a4dcd7f4924ebfabcf2e814c014
10,21,02d6a6b8a6da15fc219a9570f7ebbe78
11,14,02e440f6c209206375833cef02e0cbae
12,62,036f3d94e7c65e4e3574822d31c72656
13,24,039c5afbca8e03e4c18d9c8ea94140ac
14,43,039da9c077e17af98ca8530e4d7975f1
15,32,03f2b5c74cb89f39e58711699e76bf39
16,45,03f5278eb43475aa6790f5be32463755
17,8,0430df9a3eb327122c57ee3a64765000
18,13,04c4ffa5a385eab86fa7e422263d2999
19,29,04d686ef2fba281e395992a28f14fdd3
20,12,052bba06c5fc0bdea4bc2f9cb92b37c7
21,11,059ed570673c2d15ca11dd6b3a25513b
22,52,05addf442c147875efa5cf53453ad47b
23,14,05bad02e08c7f849e91dc1259da8b4ec
24,43,0656192a402808805282e60761bda088
25,7,06b1ba06e5505f8218ec8686498f990a
26,60,06c848ab3a7fc5421e82e98850a81710
27,39,07dd442e3e0b9f0f9b0d69c7b47cbb06
28,7,07e6a2fdaadc640cca9a7bec41351065
29,29,081d8ba3bc9a00a481df02bd9d0a4c53
30,15,0822973f3e812a68a867962dbbd37f5d
31,64,08a1491d6a804e0af969f08252ddbbd8
32,56,08b2b063cce8d02495c4b880293f153c
33,12,0938ed763cb3129ae63607aaf69daff5
34,6,0abc4faab8bbdf4d62412655fe0a2398
35,46,0afc0241296972b583debd7c5f5c707c
36,8,0b10af0ede0648dbe6ae05813c5cbf1b
37,60,0b631e16fa61f7321da18cf35a076d5f
38,56,0c02bd2b09f7193103279ab9b760b777
39,34,0ca501b2a1d72e80e0d0cd2c25bdd124
40,12,0d53c0441daccbb9022ccdcd2a58c7f7
41,50,0e7f0f05c7e193b1774c2e5713741cd4
42,46,0efa2b92642c1e6db77406bb3761baf4
43,11,0eff1404b137a5562642f0f706e59f25
44,11,0f057c0c73054f569a59a0880b91cbb0
45,57,0f346940b7c9dc770d408b1063ed2f81
46,51,100979abe35f7761f333bb7e63649767
47,42,10570128e114c22b855f1155b88fb379
48,10,10ab4d373b29fb6ee31ae2b7b39fc574
49,10,10d2c35bb4b440aa1eaf06d477ff27a6
50,4,1110d496149d3d8c50276765924df831
51,8,1127af601413f32c08e2a89447e5f3b9
52,64,113d6a61dd3bd21e5bc39bc19197f0f4
53,56,11506b81721ca68ef019764de3d8edbd
54,17,117ea72f13b43f0f4055b0472dcb6b1b
55,13,118be60e268514eb85f66ddb82bfa407
56,11,122972e7c73c944e744e6eca819d93e7
57,56,12933735316b452a5bc6a933d1a38124
58,10,133c19880625cbe91986ee3c402866cd
59,0,133faf644d5cfee9460b87eea4367f92
60,33,1340d44ca7946f4192cd80d8f47ce99b
61,0,136b51093f684e15e2798e4dc1e23d0c
62,0,13fe6713788e9b63f57950320f260512
63,9,14183e69946d782c92eb53b3c6eeb86f
64,0,146cd888491dd0f348575244f5bbc24e
65,8,148fb453d12992652b56d8bc2cfb1b78
66,10,156a150f1dbafbb01a786a5f45bdd7b6
67,0,1585fa96f0818e8f4d1cf826b332fda4
68,70,15e0ade28a7d24026b2fe91ef528ddf5
69,18,162441a5f1b85a5c3780686296c3bc75
70,14,163b1ac215580e695280d8f94c687ef4
71,50,1674103b16c39ab56a76884b7c2ca83e
72,55,1682c469cb12aa06b06d93ab87c3836a
73,0,1696be121baad60c7ca8a1c8164b24ad
74,16,16cd1e08be52741e1516cade45ae7754
75,59,17235b165b78a09be9cd7f9abc1e833a
76,6,173a168d2b8830525f59be85a35f0000
77,13,175540c364f94b6adbc0ce3541a3254a
78,4,179ef343f855d34fa0262c720cdb9a52
79,37,180284a755fb939181db32b838fd0720
80,21,1805f90c5220ac830835df3309a76e78
81,10,181396b71a4723deaa02c3dd3ffa9041
82,38,183336ca67d3257c34cb80c9bd4dfb34
83,15,186d02f3ae489428440a352e3fe503a4
84,61,187a5227c531151abd112eef1d104301
85,10,19029e596b5c3e45cc6b3cca0640fa58
86,46,1925803c42c264e21fdcf0a35fbd2107
87,53,1936275dcb0942dc60a378839fae4730
88,10,1936720ce0900cbff6d9114328c84bee
89,72,1989ad384dd8ab8f43fd19822c36aeac
90,44,19daceea26aeb211cb8bf28c8497b6c2
91,80,19e1cdfeaf90239d8585e6a78136a403
92,50,1a2af09b492ba2519c5b4aec478642a7
93,50,1aee4c95edf898beee1a8b49a1f898b0
94,40,1b51afba3b72e0259db160170f824f95
95,57,1b9ddecea8eb99bc37f9b0711546f1c0
96,9,1c4312919166a0e7cefe6b3ddf1ec9c6
97,9,1c44fab20b7f0804c11d88dc0554edf4
98,43,1c6e8fbca23da68279d93b2de6eaa3d1
99,4,1c95fcac4de21d077072da1ea1705eb5
100,0,1cf6fa07dcec364af2acf257b2d3731e
101,7,1cf95d6dd025d792340b623bcff18260
102,48,1d789a00290ec2e8a4ae1c704f671caf
103,43,1d7bc6daa163020694e2a5e636b96a0d
104,64,1d92784a09b1d1f85b05508e33261efb
105,45,1e836fdeba5bcacf45438c08bfcf4fa3
106,35,1e9570c1846c0f79c1ec103f608bc8ee
107,0,1e9b964b3e3d0289794289579269247a
108,11,1eb30783865c10a8abc395e1b73bd578
109,10,1ed175c60fdf7380fefc804bf4dd75f3
110,48,1f83b77c681720ce48d33c21083c27e0
111,9,1f8e4a81c9da3260c84f14483319a338
112,9,20f5672c1b6a59b9d5ec09a34ad90e9b
113,58,215263f9135bdd22b0e41659046b150d
114,42,21eb2a893ddf647ee9d307d873a697b7
115,37,220d2d2a94c58c0f7ee7cb1864d5f0c5
116,13,2231ec7a993e7ce92f79588ccc405e21
117,27,225fb2558cee416b136c9c9231824580
118,35,22ca9510a0c0d97ba66750530ee0e914
119,61,22d43c4cd79a3cbab663d9eadd1e5995
120,45,23017e4c03d224c89b5e3a0550e1bd9f
121,49,236af2c3c395a20fd53696a5634abd7b
122,0,23d3a2d0f6732d106fbc3d6079ac018d
123,28,23f2a72a48ef9f44301dbcfd69f8b3f0
124,50,2422c0748699c412f9759b2897484061
125,40,24708f36edaf58e1c50b06720b536b45
126,40,2494554e7702a28816717bc0cbf7d57b
127,43,24b79c598cb070bf049057bd529d3c86
128,17,24f805c6313acfbc2250cbfd90268b24
129,47,25061f5683655c7cc6e503eb0383c96e
130,32,25827d13d5d988125ef4cc8a2ea3ddc1
131,19,258e3bc5c82e3f687b4e999bc598374e
132,52,2678d03ea513d10988818e77c5915b75
133,0,268e15733721c4f3c10d9942e85a4859
134,66,26dd952cf82f0d354e4007476748a1dc
135,59,26efe85697b050171e2ac92d11f75605
136,52,272fc17e9698d95dda029e15b5546534
137,0,2736701b1fff80dc6ec8618309c76813
138,57,274a1e97df854e1590ae812ca9ee5ac7
139,9,276f6a36e30c69076c4cab7970ade946
140,0,28083e35d199d29c2a88502329af5f6d
141,11,281274ed70a896744065199c58462f3d
142,0,28a396a3e1793b64046aaaf8345604ec
143,9,28e4da66781b209cd9a299365a0dcab0
144,57,290c05b6d7e38c64bae2535b5d1d27f2
145,40,297e507cc9f1da096e51c2223657255b
146,15,299507a03373935d7a89a9fd6a6c0e46
147,56,29ca037d71b4a5934ae4528d050daeef
148,49,2a190f6b01dba26d00d3b644a268ba75
149,30,2a289b5c712e32bfb651b126cbe4e5bb
150,8,2a4afd4ab156dd0a6a0dc48bdf5d8db7
151,56,2aa41b072dc16081ebe60ad5b17f5a4c
152,42,2b1f99b4f3360623da8fdcd39828122e
153,8,2b4078909534095c15f578c588667bc9
154,39,2b77329ac116a3d1a5334c3fd54bd499
155,8,2ba51f9574a5c08327a718edada3e052
156,13,2ba60fe37b426385154d69d8eff687e1
157,0,2c00d6d77281fb9f97c1eb711f39b08d
158,40,2c130ea88372d326fb1a0719227627e3
159,7,2cc500616c927ce30d0bd1e87c699ef5
160,38,2d42e6d775b4399a56b71c2f3d6905ab
161,58,2d4c69afb7ac569a35a1c15fcecc1cb0
162,66,2da7874cc42c3c94f157bd3fd78369b6
163,39,2db4e5237ec8a271bd6269b5ddc9b422
164,76,2e4d5b1e1a62e56b3a8f887641379fe4
165,8,2e5d7b104b570a5cf450f6825880c9dc
166,6,2e882efad8288189f654defcd3dbcd64
167,5,2ebb15757eae00c4c491f569ca1a72a4
168,39,2ed0f3c071cdebf30186d2bf0a0c6151
169,36,2f29fdfd281552870b7f07152889e0fb
170,0,2f331eb33f5d186bdcfb8cd8e2eb1349
171,13,2f3773bd9dab0fa3e04c6f58dc0714a4
172,8,2f50e03ac03a920d1447b894643797f6
173,0,304fecb59756fb1d76c37ab927293da0
174,49,309320204754c3eeb2577949e870fe2d
175,17,30e91f4104a6b5b0450588d8febddd93
176,12,314d2be0d3461375f9e9ecf56b2b04ee
177,7,3155bb6b7fc081f2cccc4f50c9bea08e
178,4,31b451688ffc6f785c22bf74374507bc
179,14,329870cd7580c9efbc6b62073f89b90d
180,15,32b84f6d92b60badb7a8a6c47088151d
181,10,32d6b6b2ad34385519bd4492ce78eee4
182,54,336a98815390e16a5661d2570374d448
183,31,336c8ec2eb47bc1453b85ee78849038e
184,0,339a64370e18200c78fa15487f688c74
185,4,33b7762088cf5b82b8fe6fc291f93b6b
186,6,34699d5745d74c7076fd1ef051b795a9
187,5,3474d70dfe09a1d9545f436cd3f3136a
188,51,34784d7e4e1ee4869f10d9abeb4ad3fa
189,32,34c0cce7c3c34f9f6062b697637890b2
190,14,34e2c40d9d6f01ec4a0ffed4b032ec1e
191,0,352a72ac75c8886f94894f0cd77ef75d
192,56,3575446a7484516f5593add3ddd37451
193,11,35c3b0390b6f80657c53fb46b13f0a9e
194,14,35db61ddf8e29d55a2d355ed0f9166d8
195,14,35fa59db20f02b89264c5a97b94d7785
196,33,363f684a638dac345e67fbb78e492efc
197,17,367091701b7a57ef3e93c9fe2f6d3b3c
198,55,36de1e085fbd8f354dd3192571cece32
199,36,36df5bf5a89917fde3573e7c960c2097
200,37,370412f2a2747c1fdf8e807374c04a3d
201,10,370e9f95700973dd95508e2f39b2bd29
202,6,3777e15bb2eb838394a372e119d96462
203,56,3788dc9e91f1548816ce8b5af07ddadc
204,38,378f8bfcef6759b1e6b0e66b04424f54
205,16,37ac4f9379c836b08c9a6e2315fd66af
206,55,38510028b6d34d1b1339fa4e70783563
207,37,3857da988688981b67c878fc179eb0dc
208,37,387fb3e0e515f38826f70eb475a3bfb6
209,41,392e07cd00f38f357ae73795619fd0e3
210,33,392f50e58bee8a34399972bf0cb175d3
211,43,39a7bc235caf53556b15dd28ab5a7157
212,0,39b23365604d2633d74192b7131d6f67
213,42,39eedffe18d7ec6c53741f9d46c7ab51
214,31,3a1d9fb7a8cfd55ae38d1b4fb1520d1f
215,0,3a1e17213c1fda2fc6126425e8721a6d
216,59,3a52faf7577b389cbe9912652cbad33c
217,47,3af5c66b6800650cebac636822ac14c7
218,6,3b2dca5cc3db92a05ea35056887108b6
219,9,3b6ae24dc593e6609bf90a1b80630439
220,42,3b7f314bfe75abaa6718399d534ccf47
221,31,3b87648d266e62600ff719b691fd8562
222,8,3babf7dbd39edd11603dcd53e50dc050
223,53,3bfb185b9491beb56fc10b6212c6c9c2
224,50,3c69563a9561f995598ed81f1f5c331a
225,27,3caf85a7d6b8f5615fbc21e8310af584
226,69,3d2fa009a9f144706ad28ec9348f5960
227,52,3dad0a540eaab6fa876e4938d728efae
228,0,3dc5080a4b9299fbf31479ea751d562b
229,17,3dec7f876bb8b281df66b46469c79393
230,8,3e66ede2d283842c643b6b623d0ca168
231,22,3e8d06b82eb75b584564ce66217b3514
232,32,3f2ee0f16084bb99e8423807273c5816
233,35,3f62bb3b6a5ccddae37ff2fe3bfb3efd
234,40,3f79678c849eca6b438bb3d4bb59a5c6
235,43,3f82d353964869022a995e87b480a901
236,28,3fcdb7a637be76b45ad806d4f832c966
237,62,40061a1bbba0ff209c889094d24f6032
238,40,4008627b85a36afa46e22ecf513fc699
239,8,400daded5197f955191887cd567338ee
240,61,402ce9ac2db62fcb5fe29ba1d40566c7
241,33,4125bef57464803d018cacc1d3f08f74
242,42,415fbbda45a4a410e3122e3c992ace42
243,5,417055c67f5510da99ac623b02b87847
244,29,419eef26d8db5ccac04bf5d87af8059a
245,5,42256e33936dfa69088f540a720edc97
246,25,432754fe9722d008cd7328f34852de61
247,35,4343b3dc4ad77e98d38808b64003bee0
248,37,434adfc83c625f393595207cfff91ef2
249,66,440abd26a1c60ce02351bf1823d2d46d
250,50,44198b15df35d0827ebef271b6264727
251,63,443cf8f9119a8fc409780159c46d2de7
252,47,44509b1a5d4f1ad8350076d754ab1cb5
253,20,446b609957a142e8834dc88cebb7dee0
254,19,446ffe55730ace4059f02a4806018a08
255,69,44b7669c8f7ec8b8e592f150c7ee7fa2
256,10,44e9f61af64c2d25412a0f4532ada63c
257,0,453f29877d452cbb3e0df4922a816316
258,23,455ec8a8532948fe2c5e308af37216a1
259,64,456467f01492ee1aeb7707de5c725f1c
260,11,459af73e5a9d360ff51cf284c571f01b
261,38,45ebd51300bd4bcc529a11a855827db4
262,7,46b9dc30efea1755f8ada69668793bf5
263,32,46da643aa47256fef0822a2f288e115b
264,11,46e1da1c7fe0602747beb9fe6bbaf037
265,24,46fcd24790c5eae35fa517051024bfe7
266,49,4705afcfaac4e4bd293f613e3b01598f
267,36,4713aa4cef966a678af02897a0e74043
268,15,4742b3f8432af0165e291edc6b8c5e53
269,58,479c3dccc06056867dd10c7d9fa0f569
270,34,47d53cd40685a32d936cbde7760eb434
271,0,4856b892095f3afe8607a5ba0121b7b8
272,43,48e49f85bb962b1f77ed152cc32dcd0a
273,21,490a37e876eb5d48f8e56e0d99461b04
274,32,4952bdd8850792b72466848cb4930f10
275,49,49803452ad1a68e87b448f5129276bc2
276,41,4a07b94db0ec6615f30ace6efd2a19cb
277,7,4aa585f63fbe04dcded4019662cc47f8
278,35,4af132c905d92d74454ca4934ee2450a
279,18,4af6c062ca397fd6b7bd2fb2a91e5964
280,15,4b52c260ac5817566e61009e4bd23329
281,0,4bbf15c7280e29c1df6edd7bf6dfa56a
282,4,4bcc817c8aba8c5569e370b238831e77
283,0,4c17ad0240c5e0342da52b55a3c64a49
284,0,4c50a69869b14c84b1fd77ddeb7b0962
285,30,4c5f4c8887459671e65b68826fe750c3
286,34,4d10262d534bd366736dcabc8d37a3bb
287,35,4d1e99b879de5fa11e3f5423416f0497
288,39,4d40cd073132f01ccef7027f70890b6d
289,30,4dc7656f389d5cfcd38bf7870c1ce3e6
290,14,4dd633c46b8d78842b1e9dfb7f6a60e7
291,14,4e1fa948dc5295202fa8b7f8062b0d28
292,12,4e428667c6bb84323046e5647dfdfff0
293,0,4e4d07bdf390e67b633e62d3eaabd3dc
294,32,4e83cce03deeca174a87faaa046a4750
295,70,4e9bcae1e2305fe1e6b215cb82833e97
296,74,4eb382d1f7d50fae1294964263d1ce82
297,18,4f06c1412e8f2c16c96abb053997112f
298,51,4f3187e47f035afbd77a00d4cd536d7f
299,0,4f67a5d1152cd3f9f889d61779c27153
300,0,4fc9091d4e900a41a207ee32a639d658
301,43,50eadd94fd0152fd0638a915061c4c94
302,42,50ec87212107552181f769bdc522b63d
303,32,512ee3c7f8f9bfa6b7d3d824f5af228d
304,9,514da6a81ecbe7cd98fc71045c66aae1
305,36,5185567c0a5ec03eddbb003364c82b97
306,44,51a82cefe6d4e058ed392ea004572896
307,14,51b528390e8e7780595f6009b1f4cf72
308,0,52b193144c088d3aaf82dee6c4625155
309,9,52bc8ebc7db90d5b77453bf475677ebd
310,81,531a726b5b0c925a1aa24b5a9d5ac333
311,0,53b03eb76e7c0e268c027a6868b9394c
312,28,53e554eb940176c64fa8ee10a394f835
313,24,5420c76a41d255a40272c8f3c1f93c6a
314,20,5479187ed46c2c87abacde90f4d8ed6f
315,6,548a85a2fbb4986fd7a632566e8cb9c3
316,9,554a4f92c47ec3280d3ca64f5250b023
317,0,557b608dc1196be486e4928b62098895
318,0,55b69c895ca72127d05a48035328b345
319,47,55bec90600d21bd3513366d218f2b2f2
320,54,55d70545197fd2c5cc68f14f3d5d6585
321,7,55d7b17732745057aff29fcd0ce13014
322,37,561593fc7dd18e6a78c6ad5e7eef0061
323,38,569271b82c506166a23ffcfbf6f854f2
324,19,56bda1ed3f3299ff6e8465398a498a5b
325,8,5718c878f7879770af94d41951431983
326,0,5724816548576c2ccfcbd3d9d5072d23
327,0,5785f300b54051f8791ab00c424416a3
328,4,579967d1572ee95c66ffa1ca4077b61a
329,12,57c15602f0b088ce6b9e4f88edce149c
330,8,57c355d13a3bcfd36b3245d03f3f9d69
331,54,581129294fc7d1f43a4d1a372515dfaa
332,16,583740d998ccdf639276e797a6caa9df
333,46,585b09e7ee2164f95b134866f3f412fb
334,16,58d8c3038cd500e773aff605e28ce8a7
335,79,5943b68c2fa8bcfd0add30691fd9136b
336,8,5a22303ccd79309f5324acc7b0e751bf
337,45,5a4306be3d5e1d5481e9237d2d211cb6
338,48,5a880bc9cddbb3845438de87f859c360
339,35,5ae3c8ba3ae2b9230664674dadf8535a
340,29,5b33db9198566d3fcc5aa0bdeb435d2a
341,40,5bd37993cfff08be940348a466912238
342,12,5c00ecb439cd4e2377e9bb3de84b0e74
343,53,5cb230875b1a38b725085246444ffd0c
344,76,5ccc0e6dc9c7475caf785cdce7b8eb7a
345,73,5ceff5a3983505de6d021403c6975079
346,7,5cf93f7d1d3a8f0cf395c84053c31b1b
347,40,5cfe569d448c9a5e120ce15611e7c779
348,56,5cff9e4588a1d8b4b0fd703c4720421b
349,0,5dca331aca1913f495071f3352fed0a2
350,30,5dd7009f3d7f049d3e38b155ecd3a24e
351,23,5e37e705afb774452ab30d20b9561a0f
352,5,5e5bfc73736d6aa15ac33ea01d47e5ee
353,36,5e6bd3186b283c4e430332e1a3dd1b2e
354,48,5efe1190183936849880ece11b1ece77
355,6,5f34c8fc5bdd33f14bb71999b8286aef
356,66,5f946639378f9e31eee8b927dd743949
357,65,5fce375e4e5c673c29e652df1ac0b903
358,15,604097f005384ad20d982e7584f27c09
359,47,609970e669f2c55d69abc3cb117c47f6
360,37,60a524518de0ab4261b0e71ee7011d64
361,35,60f73dcab4a99269b597381b4958391f
362,55,619fb670865cb3e2583cc22fde1337f1
363,0,61e12b63003cde2efb3d1068853915d4
364,28,6241b9c147df1d0c7027321d4e1d53cf
365,27,62a95561a6b12acbf809772553ba1462
366,35,62aa54591b22be467c5a36356f96915b
367,37,62c83d1a137771a5c82433c8b3f7fddb
368,61,630559dc85053c746beafacbd590e8f0
369,42,633310975f38cbaf67eb5043b4c6c77c
370,20,6455eac21c029b8d93ff09c2dffcea35
371,57,646eba049df90f6bca2f51ce20004ac4
372,6,647bd8b8b02c285db177096a351f8e2c
373,0,64a4b6ed93e79d83422e5cfef3a1d01f
374,0,64c401a44c495c2adcc834a3db3de11f
375,39,64e245c2e3f5c7658bc062e9840c04dc
376,46,654c3e2ff69e4d6c9569212cbaf7af07
377,26,6580de4a0be125c140c30436c7c2c988
378,29,65b885fb53d0d952ed5be174c9c2d76d
379,30,65bacc9ccdbaf8341a7232d5cfdbb0bf
380,47,66290b00f9756a4c6808035244a4b9f6
381,38,6641cc5d8221699e7db3376fea5587ba
382,60,66f7bc876e24e26c5d71cb9a2a0e1222
383,40,67129f4eb32604d9e420da5bf6bb2469
384,24,671a36a580dd94c6a80d0dbe7fcaeabc
385,35,67771fd10458c38391b55774826e4c34
386,0,67b153d9a373c6b824954f5001e4769d
387,7,685a660507aba9066865ebfd62c48451
388,40,687ab6ec9da9f17ebd4d8665d1988e0f
389,80,689bdf87fb2de49f98bf4946cfaa5068
390,39,68a84d00f61c9fd6900cd12e662d43fa
391,2,68b546b2f4102641d6774c1ce4f57457
392,52,68c4e63e9663a4bd8d4e435601a26a37
393,0,68ec19c0d8af934976480dde7488ad83
394,12,691b99ebc7251c00edc12eab9232c0c4
395,40,699c387896f72e990239cbee1d81ff95
396,52,6a0b94ec26ca0805f971c293a9603887
397,30,6a190e3b2a68b2822a03fbd698f02604
398,23,6a464f9c764040d89517cb5ed9257953
399,18,6a4c652f46bc14c1c04eff3c67cabac0
400,49,6b0ba48a13c721f5fb766339a42d25f2
401,45,6b65c06851e944351dd285a1eb729499
402,8,6b941e22c8f9b2f159cce49fef9febff
403,12,6bc4ee6df691c3bed34c69aa93964ee9
404,47,6c0555804ebade45096a199f932e949e
405,34,6c1c6b6992a23fe80dc5377cba9cc2e4
406,58,6c5370105323176e4e88993943aa5b24
407,14,6c56118b534a5b446d1fd0eab7dc9b19
408,52,6c9d732cd0560af6e8939ac97bdd78d2
409,7,6cb35e276085548f3f095a85aa63af7b
410,5,6ccc2af7009dfea4572de788827ac5a1
411,7,6cdff0516a17236168522e0a270f4671
412,0,6d098c3af952e8ef82c0326b1891d993
413,15,6db38fccb3ac1de3981b701eb5a15d84
414,11,6df6c8f8d3c2a93314245a604c02bed1
415,48,6e70c2024934874d052225a4466fb9c1
416,2,6eb2e0f41fc9f1fbb70e7751035fdf87
417,19,6eb562641c6e0074c14ac265153ccda6
418,62,6f107d977e357e3d22036cc447b354b0
419,6,6f660e81330d77df19d4e3fb14b18730
420,52,6f739a076d7ba8ca414334af995fc44c
421,8,6f9156b8af78f1e7f4ce971b50cacf29
422,0,6fd27cb2ebf1142ff29f519e20567876
423,28,6ff443616dd01da842095c0939394baf
424,22,7023bf0fa91bea71ae7bfa2481fb5b90
425,34,7062cc9432dba19f5b474be707a73525
426,5,706466935b9e1d04e4e116be7ce90ea9
427,0,709d54382dc3259373f8ae6b2fac2415
428,24,71a4cd7ad9005409dc1bef838b488e6b
429,48,72118f61d16a22814cfe01fcffd0659f
430,47,72741692a0ac3fbd22820b0b278c4040
431,35,7287a688775698a457a560e1133aee0a
432,54,72ca99bb6667024a23e1f68904b06fd0
433,45,733e0653a13dd43c9b668b1825a2fecc
434,37,734e463e87289ed53edf3802a2cda9fe
435,21,7419cd5c573ff9994c0f8ff5d92b4408
436,0,74279b827e47bbddb5ba57863c174995
437,0,7470e87e7621f0e68c728a0431788a58
438,8,7473815d8eb56f765461525f1bf48c93
439,16,7476a4cdfe6cb9587f03db358dff548f
440,12,7481015e6b377191f3b1531bc74e6908
441,63,74d1c00ab5098202337a91c936b6e080
442,49,74de6f7e57690a1687935227360edf7f
443,31,750b2b9e0f4caa4539c2553a4d04fb6b
444,10,7553628edc729ab03cedd3ded8de8736
445,50,758f6d309376d24b53da45e91cf778cd
446,32,7596061dc6e3a61ec35e0307bf423838
447,44,75d8798826340198f4fd204ed31336ed
448,58,75ff47d4ba4bd4480629671a666500ba
449,29,762db27fc4dd1e53dd4fa982ae2162b4
450,14,764289a2931fb70d1d27d5603d49edd2
451,27,766fea0c4f0b265fe9ac9e1e4ec64ad7
452,26,7708f393e874acbdd44bbf47c9a328e9
453,35,773555b1cf65c9fa882fd9f6c50f44d4
454,40,775a910a05bbc12a236ec64d4109c37b
455,7,7767360462c03c38f487f16f57b02e02
456,41,779747a77c043096f6428413f26d25dc
457,36,77c589b9398709f398778a0ff368e00e
458,0,78477100f8d331a7b048b96a6a856fde
459,49,785d6109caeb2f53c0628c37b20d91cb
460,14,787fafc34f07b372b60981ccdc4018eb
461,0,78e0917f94fd9a5e81721b3d6a949891
462,61,793e2072826ee96904a5f03ae2357e96
463,0,794a74f41f18a115252fd26bbd16882b
464,33,7960373dbd5c93b4a066b352fea600ee
465,27,798b4cc659c984e8353c7a4f90936df1
466,8,7a1fd3df8aa8197bdb3be8c5d4ffa92d
467,49,7abb5ee55c03357b69af929f51443bb0
468,33,7abb74e551c262a945929b92e0551b04
469,46,7ad917215da937eefdf48e3c9d3fcf26
470,11,7aee4951b59fcd1edda02bbecaa2a717
471,3,7b625f643d0775f0ac4898e33235377b
472,51,7b8eaf284addb604039c7e22d23c903f
473,39,7bb464563d0d43f7f894439d163f4ad3
474,0,7be7bd7d4880308db77561aded87ff8a
475,16,7c1478b12207107ae4296e656a49d6f6
476,56,7c27405cefee2fad79a81a819ca9dbe1
477,20,7c4bcea05c14431c65ef1d9cfa20ecb1
478,27,7c64b8d49dd5fbe34f44a9b4bae0e7b4
479,0,7c8a65613ea1b4cb168336390c8cef8d
480,39,7c8d33cc16246462e046ed084f7428a4
481,29,7d8627729a14175b1424153ba46d7acf
482,7,7da41cde0e0d0503549eeb7ca5609a9f
483,30,7dfa12ce1fc9cc58ec34fd66c75b106b
484,50,7e335469ce82f86c20d06b06ccfa1da1
485,39,7ee801015b6ba9dc0aa2687cb28b8361
486,5,7f4350f4a358ac264ccf3b10c4966afc
487,11,7f47fd2db9cfdc30fe46068ad017152b
488,43,7fc97bb967d4380b38e8490aceb85224
489,55,7fcca181f46acfa027ea83c7dc70afa9
490,2,7ff85c5c0e9324e28d1e0d0589c364bd
491,33,8046a7b32ff00f418c1bb410a67adf68
492,39,804ea124edb0d6694aa4a3c9eb22a716
493,45,80597153cf2bec000612ba2e45a72d91
494,23,80cb80668a3c444e3e8962d1c861b9d0
495,7,80f8e8eb5eac6dd41259ccc73993aff6
496,40,810c559baf6b5c20dca13b794fb36240
497,0,818ce9e1cee09531cb20bdffe3f41256
498,30,81fe057f033eeba6b1472a8fce5c1fdb
499,54,8224c23bca05c2adb3fdf40752eb1b3c
500,0,8228dc00459f185b56d989c8ba1c9c52
501,0,822f647598c6283f3e782bfa33007d47
502,0,825a12d804be2135d12aacbfef42149f
503,5,838495eb3f025e512228480eae127522
504,5,83a0efd007f4db8f0b7db5753d80fd87
505,7,83ae2db3b59285394e07063a7d0d0512
506,31,844d41532242b64d8f19774b6b7f1c82
507,64,844e9be5a30d8d9c1f8e9ddb086ff717
508,10,849726bb431c44a984e5f0f60923a0ff
509,8,84e1a98ccf46774bc4f5c6374079dc07
510,0,84e99f5233c20f92e5be02afd2dbf994
511,15,8506914d35a1146dd602b68a93b5be5a
512,43,850de9129410d40c2875418eb40858b9
513,36,85bfeb44e07b0d4e86c637353080289d
514,59,86a1dbd33d3ee6d68caa25966a2868a3
515,16,86f580ee80bb5a54e07595410d624108
516,15,876e3742e4165313e3be9ca7ff4e41b2
517,0,878b301e00c3111bf0d4cdddb8e14c9a
518,52,87b493b5ff1b807c2320801fcd16ac26
519,12,881527a718b502bacbd04b6f45fcc2fc
520,11,8902cda459f8ac02c38efb2815cf4026
521,8,895c14bfd7d1e2c26aee6938703f32f8
522,7,8969d175c4676642b245af55d2dba19b
523,10,89788880a732b675ba9cd9854adcf684
524,25,89b9947570bc59a6161fb5edea18b852
525,6,89dab1d9f815cea34ce3612a6b7c0d51
526,0,8a2fcb8a8aea9b7a1e2dc54c3257abdf
527,0,8a485c0c66396eaa9dd004fb0bcc600e
528,49,8a64fa582ad5ac3bce95a38756b1875c
529,19,8a7d9195606bdc9bd5305f6bb300e1de
530,33,8a86bdb56cb975c786e47cb256838ed6
531,50,8a965bfa0851de76169b3206709ca943
532,18,8b0662c4244f85c5dd7ab46810ca6b04
533,43,8b09ef45562214f00e7c11ed16d70dc8
534,29,8b688ef44a5b17bd7150350d059e67ea
535,10,8b87786b3a356550a4708f5ab3768792
536,60,8b9b73cd6d63023caa38dbd25c1042cd
537,65,8bda575d26a589024a4e62aeba352f93
538,9,8c0d55bf42d242ac86f43c4031d6371f
539,6,8c38fce0915fbb7d816e19c3ecda64fb
540,14,8c40d50720fcc5990329f7312d1ad327
541,41,8c9a890f19a0ab28b745246162e449d7
542,44,8cd308e28e213e46e87c9dd9c5aa1466
543,15,8d3740598109bb310e6244ecc1971a85
544,12,8d5a99f2032a336a57222948915edf09
545,43,8da0796b60fa75a5ced6d1c3bf1f3064
546,36,8dbfef11a650dd9658ca0c6f70b84f88
547,32,8dc9d28aa6ab0af5dcc98420a9bd65e0
548,10,8dfea9e24286290d2f59f5b51f00b6c2
549,32,8eb2f1fd0858319b86b9e44b64660eb6
550,45,8ef80bf59ceefb3fef9d41a5c66eff35
551,44,8f325f86996ff57a0006add6cb623e19
552,9,905f8007cd46415eba8b9dce088b4395
553,8,90a155db6f98de56ed6baaeccb5aafdd
554,11,91278ab4c7170ed070a5cd653cab3d26
555,48,914712bea449e20e1cd2e18c269481bf
556,8,915b7e1b8cdd0e1bf9826e8ae91706b4
557,38,922214b02f8dfbde50e8cdaa187dfd47
558,41,93337ec6e89c26ff280f490dc3eb9042
559,45,93587c4ead63454c615f4651e2841ba2
560,0,93be171268b14a0586c48cb488bbd5cb
561,16,93fb5779620ce28dea9cb83cbb25ff9b
562,64,943db956d9c6ccf01435211d99568f15
563,52,944e9726e57e8c379049dba4bdabb05b
564,10,94699541835b03d2a18e265299c11213
565,35,94731f1d1f9180223445e77690aefc03
566,16,9494350df132e6748afca3bc5d138dcc
567,55,94ab22994e3ee32eb32f515563197296
568,0,94d5f7697a40886a8723f6015fe47841
569,38,956942174fc793c4bfb6fffc4b3c1c7b
570,32,95c1a153c7ec6b5623b8ef298010d2e9
571,30,962f9787bc5b8dd06dbc2147c39ae15b
572,26,96d7ab03f9156154f6f2144263a85579
573,4,97332a03726c052b1283fdd36dbdeca4
574,27,9760cb1c8a14d3fcf527631acabee35c
575,47,97c0a0888afa9dcadc73386abcacd350
576,9,9835cfed2c02bee16b5f0eeac3b4926a
577,46,9857a5bc59036a73f9261ea694bc002a
578,39,987c2e7dfc9a93697b8dfd030487ff01
579,12,987f45c1c19d83fcf3295828771c10f7
580,6,98a7f586f974550506502f52e47700f5
581,49,98a878a6fe557bf91236e6fc0413faba
582,39,99e05511bd051039630e0ee9d311afbc
583,44,99e15cb3381c646df2619a95cf805743
584,0,99edc641e82b840d4fb6d57db0aff446
585,15,9a2b695c70ad62abcb4323d7e9a4b6cb
586,8,9a54684a69721c1075c2af5fc077665b
587,39,9ac5116c46dc8515c0aec6f7153c6440
588,9,9b665130b27de44f369a44b2cb752670
589,27,9b73a887dab36dc0a53f3308bc278a2e
590,10,9b7b9829183e266882d4815d95357a1a
591,55,9c0158ebe58592fdb3d18fb9c4623db7
592,32,9c5835247a252ab6275775341b502f4a
593,58,9c5a3250d9f6e6537b3b076b26ce16cb
594,56,9c67faa1ab5de24e6d9c60bf7705f658
595,53,9c8968198038d0ce08f8066275480e62
596,40,9cb8155c8eac12669e18a89a2971a8d1
597,10,9d59581a50c97cf28d30f80cc77dd76c
598,46,9da29e218f6be3ea257d35f98eee1088
599,8,9dc512e71a0f206687f60b8bfc405050
600,13,9ded5e80238ea1cb8e923d3f3b03ccd4
601,12,9e003a96a6aa5a9207530767c2a8b310
602,12,9e291e9ae23649f498e166278c16344a
603,71,9e5b47cd6f31b05e75e92a427230ebdc
604,76,9e9d4402b1038d103b3add7271d9b8ca
605,40,9ebbe10ae57214da77ecc43f6a84caf0
606,30,9f1b385dd82b5a43f98660a99747e3cc
607,5,9fa4b644d8b6ea510119808c37f22223
608,10,a0b52413e2eedcc5ca6f31d53ab1a96c
609,49,a12d788b7cd01f696bb5ebf28fa739cc
610,33,a1a2b1b116fad0bfb521da9cf92df2b5
611,19,a21d85d9c18b9589f82a618f0531ecac
612,31,a22aad223462e8196b76f259752ccee4
613,3,a2334fdb829cf96fbae920df0cce1587
614,38,a2bdf1915008a135e5ddaf8cf110adf9
615,33,a2f170312615f7d2d41b80da4d5d7a72
616,42,a324cc0a17ed8b72ef62b06a021224a2
617,42,a33de78c73e2b157118fc745e8c2214d
618,63,a3c39ee40d7bb0ab8e49efc44cb6735c
619,10,a3e28ae11607ad68dedbc2baff2210e2
620,41,a3e6503d6fd14f55f5a7a7e993c06c0b
621,63,a4401d3bb25a651812f6781fcce5df77
622,43,a4463e077e248abcd96b8ee584e7fec5
623,51,a533ee906b3e68bcd03e3e2888a844a8
624,55,a53de9ae055503d13bbcd6e19c5c311e
625,52,a5637a20ede3d6cb3be2d52d17d9174b
626,0,a5964a3b81fcc810585ec982edcb3689
627,7,a60115fe0ec8c0e2d4fb8958a28567f6
628,36,a632e60ee41d9aab624a6b7fd6269976
629,10,a6505f04908e487e37c61c2a2a582eaf
630,37,a69bbe711400a8eaf17206a9d2b4f26a
631,59,a6fe0a06612bc9d9fd3f7dc1fd9615f0
632,41,a741036dcc0164fabc9155e11816f7c3
633,42,a746873c2f5431e9ac8e12c47a104115
634,13,a7638b7beea5715330ac956372522b07
635,46,a7ae2d9768b3eddb584395f2d984b3a2
636,0,a7db008438b8a1a26c201f7de3a6fd74
637,21,a7fa04a6b4111cac92989ac266ec40d2
638,75,a84478867f4a6fb6450da1cb47458308
639,38,a854b4bcf206030120913620bc664396
640,0,a85adc80be31a10c23b7aaf380e39173
641,13,a8bf411134a27779046e2f7ed3b2e1cf
642,21,a909251d04212c2b8d369aa619c13ddf
643,0,a943514117ddea18c75bd09ca6955ede
644,37,a95c73a18090636ec3a8033e8a6034c5
645,52,a9af04859e568ded6758279d805c56e8
646,55,a9dc82f0789aee809c81669dc768ced0
647,36,aab4ab866a771d21006a07cfff585eff
648,8,ab76a5e04d9126c2070bf84ac419f80e
649,50,abc63585621a8cc49099bc9dde677f27
650,13,ac3c378542ada7cfedc24720ef9e3273
651,10,ac51126328b559dd3872766d2455bba0
652,7,ac986e2a577103efe48b23cd17a4b6ed
653,32,acd5d321f5a7e35ccc3bf80a2c744c36
654,13,acd7dc6118befb6724aa3752d1cdbea1
655,29,ace64b24a38208dc0712bc65314027ac
656,40,acedcaee665d04c791bff1bf848af3a0
657,0,ad6489ea30a7952d7f3ec6277553fc4f
658,5,ad6a8aef632e7684c3b1e1e9dc0f7d23
659,8,add2977c3e55ba8475f60054a75a8b14
660,38,ae08f3a379c6069211342d448f74b606
661,0,aecea7471a8a5efd539c4bb549f21a69
662,10,aeda204ee39ccc79f22fe31ed73882ad
663,0,aee6c0de9d4b4e14d92bce9e4a352748
664,64,af39ba3a5cfaddc35f3c1f92bd860ca9
665,54,af452fac966efa9d089953c99045bb20
666,8,af4bae4a0b7a75194dbd4951c78bb98a
667,22,af74473d8f38c0c3e8cba5b72f747281
668,46,af8cad352c24bda90b2a5d07e1049181
669,46,afb63eff111f81c66cc01a5c9f64f2a2
670,10,afc352444f34fc17d988c3fdf916756b
671,38,afc7a3f83a5e5cc87136bceacceed8af
672,31,b0b60bc559f123caa41ae1e002243c3c
673,21,b13f722977cced9ee6d2ad25e8761583
674,8,b14d2355eb3b7daf6b07c44a31fb23d4
675,30,b1adb42b262bed41aeab28e9f6e93633
676,12,b2b3c6614a4a317bdfb7a57ae8a1687d
677,15,b2d3f2fb171a12cac427107690c10089
678,39,b508b23b0c53f5e3ee71562e531a3a25
679,56,b5275d250226cf29df0164d0f62d5ba7
680,0,b5615bfbdce936560dea4c82579bb35d
681,9,b572ff3bea0c3095a3a5d24db765dd42
682,53,b5b10e1d4132c7c1155f88aa00b9a5c5
683,14,b5b1d33f7a438b13f85fcc46cc248578
684,43,b5d89a7f152103c9fc981e3990e9fc86
685,33,b66734bd849ac838a9c0830878837979
686,16,b66b0833b679faefba66e3f1b9eb579b
687,48,b6b8068eea005094bf1eeab9c35c9c11
688,21,b6c8c21a45ce574430158f6230d9e254
689,51,b6ec72d2f14dcc90a4e7fd25bd12e9a7
690,41,b75fb275f65a39b9ae038a7593d91fcb
691,0,b794fc307d1309b3405361f9ea4e8b1b
692,54,b7b0b507d966d1e1735ecaaf0c3ed5b6
693,51,b7bd34f3d587ea950dabfd4ac7781f2f
694,52,b7de2b55859abf8fb49bf393a5a2816a
695,57,b7fbf53260861a5a9022b709abe4d584
696,3,b8df3a1ffca045016321353536ac86cf
697,41,b93ff367c79f79437eb5b70dc00a33bb
698,10,b972617c1e490250b2dbcd3353fd436b
699,11,b97fd5240666a3c3ded13df9f73ca71d
700,14,b9912d7f760895a9a5f9e046a70e7d8e
701,43,b9926f42a5fd6cc0c455fe59a21961ab
702,60,ba3a4161ca111c8a2d39a1f1bffd3557
703,8,ba5185bc3765e91878ea56a67f156acb
704,36,ba78525b3444a3714174f4734720996a
705,8,bb2984ebd891be82156fff038a85aafa
706,15,bb2993a27d213c0eefab695ef0214fa9
707,38,bc8249da3b109151438a85d49300dd0f
708,2,bd057e02f75c92917389d90bb215fe91
709,43,bd2433d45fc8dcd1c1d01d9c20ca357b
710,5,bd26a8a5910f6c87aed2fcce32782fae
711,33,bd2cf0eb59f96babbb13b724d8d77b12
712,63,bd34a715eef595600ffb4f683ca04e64
713,9,bd5cea890904311cd874773b13255406
714,35,bd9366761825d97d4c79c2c61638318b
715,11,bdca40c895def7985563060c5dcbd0ca
716,9,bde37c58877c64b6ce4b309dc2154bad
717,5,be22fe5992cb9557d7748113ea1f6057
718,18,be34f66b259b110d8908297419741202
719,5,bf0a8a6ddc179a9466082343c5862904
720,6,bf2693c5774a77e478e418119be97c5c
721,44,bf87c4b14479e823c1ce554606f6fdd6
722,49,c0640121b56458ccc0d2892067bc463b
723,0,c06d3d1ffc5b470f5407c2201e6616e1
724,66,c07499b5a6f1090f2fb263ec6ac0660c
725,65,c12c2eb875879488e687111335a12805
726,49,c1909690dc34d322b9483c10cb1a533a
727,52,c1d662bc81ade6c9a1ec161b3076b27e
728,40,c1e9b11fb4591a922e98ed4c46063b6a
729,42,c284230ecd0f82b79b99e8326bc62c6b
730,39,c468a648519cd42da75e6aa9dadf733e
731,0,c4b09aae89ee1feabc77632691b65278
732,19,c56b62b863a81370827e04d2c0a669a8
733,28,c5f1c362617932134aaf950f537061d4
734,0,c697fa3bddbd8de0a0f09060df305934
735,44,c6ea9e05de9e221aed059ccc8ad5f6bb
736,12,c7de222dc1b99eddaa9a665687b94dc3
737,6,c7fa83cac784c0f6225cfe30bb96572b
738,0,c7fc922f759f46036bc9cfeda911515b
739,9,c826130d392023b4c535431e2616e88b
740,41,c8932c12e8ac6691d5c7c27ba8ecb967
741,43,c8b0c99b2c6537769427fe4eec396e55
742,75,c8f03786f7e1b205a9d38722fc3651e6
743,51,c95b96b3d38fbf45da2bc43db49861c5
744,49,c95f5d4bedbea37cf208fc3e70e7e75e
745,41,c97e3d0c075030df5478bf3e679f97bd
746,50,c97fa24cacdc7b092c81d9556d4a3aab
747,12,c9b9fc54bf7c8edcbe35b1091f38cf0f
748,27,cacd66f64a54dca26e17f19a6344c369
749,28,cad3107b4ec2400c662cd8eab4e20026
750,0,cada138c65391fd98c1835e5c518397d
751,25,cae89a5674ccf4bb1a78708926697f8b
752,14,cb5ecf234f7492c867bfa875a2c677b5
753,66,cbba49117a03fd2f578022eab904dced
754,7,cc2186bc2bd14948eb9b490d14fcd686
755,16,cc5b9b32417adab54115cc8eabc5695d
756,6,ccf0631bc6ad481b3d7becb69564f61b
757,69,cd970d2e7d3034e5946e71db0b4869c5
758,7,cdab4b0c1ece5d2bc1d671ef6bf21382
759,47,cdca9a75635698b016fdb75f95f561c0
760,58,cdfff0fd9f4511931eff58f549fffc12
761,10,ce577ac73e9022772835abf8d37e91d5
762,11,ce5b4b1624afd0dd514e8997a2a1ff1d
763,11,cea2a4389f823240e8dfbc3ea95e42f0
764,71,cf27028c2fe4a9fe00795d0d4dd23a18
765,0,cf4685ea46aad0fa545bd4764679a162
766,39,cf6f95dab8e87ebc3405e8b6fc02137e
767,52,cfa62004631bfdbb0d9f842d69cc502d
768,13,cfa9233eafdbccac8d2a864b0df390d4
769,41,d093196b2758f39a4548faed9e365d89
770,79,d0f374c7d36c93ba0772626d4c4e6f7a
771,9,d1576672b9ddf17e405ad295e66048ba
772,20,d1b2185245eeac47821e98471c915947
773,39,d27b078b9f801a979bda2687ef91159a
774,12,d28f88b9d68ac9a2c0586728bdc91bcf
775,8,d2fe91351bb890ca8ea9b76201b05964
776,42,d3121b735af2bb94568c8070aaf05110
777,12,d31eded9263eab43f614eecc6a52a0f5
778,26,d42d0642a28cb2d7415bc7176fdfcb9c
779,45,d4867a7af060ee2a814c6be63b48473a
780,41,d499ea144d46d394e7ece7dc53e9fd41
781,38,d500e63eb4adbab2fb34140565ae4d20
782,68,d54674169d8b98851d54d79405c5d261
783,0,d5a7b55889ae4bba1eb7c9ba798ddfb2
784,45,d60d9f944d86cc7539bb6b7a11646149
785,62,d6277e6596f855c87627312e947e4f9c
786,43,d6758947058995dbeeabc5e812c00cea
787,7,d787d7b7e3798edd7498b9cbd9b59206
788,37,d7ae05b007ca320a0d1fb128ccced638
789,6,d7e035984d4fba2d14bc37f1992a061f
790,35,d7ecbe31d65faefa7c5314baafd6c4ce
791,11,d876df0212e45f5a630b89f5a04532fa
792,11,d952de85df73349f0280fbb2345148ae
793,60,d967f5296732fa55266b5f1314e7447b
794,22,d9b4803fb9c57a061205f7376aed60a5
795,24,d9ef4b835e202c9b24315b999894362a
796,0,da020ae1ea6a8ce10cd43f5e36880c8d
797,5,da3325f424c71942ca8a3401615a0e6c
798,6,da436a25d31e42fa12c800bacf3d8032
799,0,da582077a9e547fc6e24b8d100e64209
800,10,da8f13b0ebc53fe1147d982f087b5806
801,0,da984ad859c4b4349544b580d532ec5a
802,9,daddf0bdb8874309dd07bd9d91396166
803,22,dae249fc394c9bdf02f7d8bb1ff55733
804,0,db565e88c0f55509b8b272e807104ceb
805,46,db63522a6a88af9b817df48e3f6bad15
806,48,db9cf75a3edf5b1d38fdf560682cec48
807,45,dc39121d4440ef9d34bb2cfac0f1bf2f
808,38,dc5fe88ac0b99e77e8630795cfc16981
809,9,dc9a5809e396367a5a0767ac9226a64f
810,5,dca7c0d776c64df418bf3b63756927c2
811,37,dccfed81fccb496e10c26074253a1330
812,0,dd64221e3c3d2f0078f4903cabc16bad
813,35,dddf432269175b67f5d9c55c3b36bdef
814,30,ddee9dcc776c7b87e68628ffa0f99dc7
815,4,ddf9fad53fff9a2f2ded181e1144b47f
816,34,de0746635475c2be3d26489184659460
817,0,de13b737a0b0f174b2d14836de6dc2ff
818,51,de5fed97bda5c8aeca0d5c6a47f2deec
819,59,de9e048c789a0ddc487baae5929f51f9
820,57,ded0963ff2f6582b382b72de6f123a08
821,10,df11122e91571fcd91143da33fd3542a
822,28,df9ab418e87b21319bdfe389a4552e08
823,11,dfe29c1db80f470f4fa8046bc7e5d8a0
824,48,e02f0f208e1f02b7672ff2ed8bd1bcd3
825,14,e0449ff246754057062a6331c7a7b661
826,6,e0493acb44c53e68e3c3aca626cd466b
827,32,e065a88039052c0f4e552886fab4d99f
828,13,e08a1154c61bfa0adb7a029eed7df122
829,67,e0a98706329350c48ea450d1705bdd86
830,28,e0e3594e7d43742458a79799c7a5dd6c
831,47,e0e76adfaac64932530b49127890139c
832,0,e111c33885a216cc61ee4947afc355f7
833,6,e121472f6b4dd372dfceb87c7e30cbac
834,0,e127911975277f6b07fb2521647e1031
835,37,e1970a13e4fbb03fee21f66f7a97f5eb
836,45,e1b7e1ea030de78f88501a832cb007b2
837,8,e1d2df8059744cac678fbdc113e9e697
838,35,e225e4363d4ef824640866378d49a878
839,7,e246b5012a29db02ad24ce4b7e332b9b
840,36,e253f0cb570353173a73119dcc0e54d2
841,15,e26a411f427d8387e1244ece6053c940
842,18,e2dc374288c7edd10ce6647a8e6ae548
843,30,e31ae4a7e10b56e18f3f988fe48acbcb
844,9,e3306c36e5fe929405591869e0ee98d5
845,6,e33e7bd3f983ccbc3014e3689b1062f7
846,8,e35d490b495edf857a448653e036bd44
847,50,e38156350137c3a0df6b4b43c002ce0b
848,25,e4038e6006053cadf0bb2f8795e6c9eb
849,0,e45936982498bfe7a8fcfef62bf1edc8
850,0,e498f29ac08e3302ff8f110db38b170d
851,4,e4f3a9d5cf57b9b518136afd9757f76d
852,41,e58dab18de6e4134d8b232e57ce1d86e
853,13,e610084768b3d8313be3a7dd22e5e5e7
854,44,e61357801b8cc7a4b40cf736e6890972
855,10,e64f09e2fba9abd0daf0668bbcd7ae97
856,12,e67fc482899bea76fa32d6274607140d
857,8,e72a4e847306ddfd0540d630c79b33e4
858,0,e761f3e1d225c421222cfe150072ad3c
859,39,e76529a86a5efc221a88a6c91a75ea59
860,0,e7faba643203b7d1ed349fe03ee07d36
861,0,e8a7df9c27dc5dbb1057f2f18aaa862e
862,45,e8b60c6f666907603bb5d70aa8cc6c80
863,35,e8d73d55baeb522ef8843cb54cd08df0
864,30,e8efeab7179493aca6effda3bf21833e
865,35,e91240606aaab23860bfba718c858d30
866,50,e9651415a968663e49b62c29e5d89137
867,23,ea1f8d9a6f34043a8e8a3f78dbda7f9a
868,40,eb48fcd046d9d869a6c6eccd90392480
869,0,ebed38ca7ec991605d2d4a3b569e9214
870,13,ec1637dbd16bb38ec0b5a93c14373364
871,41,ec78920915122cbe500fcb475a8fb5d3
872,55,ec91bf40df64a813b83c67f46118de37
873,0,eccb23f51439621fd79b3754af59d443
874,20,ed0c7d2a0d5f60d527c0c3643495ddca
875,46,ed1aeb39f5da7d42d10a92653319b951
876,17,edc891e47623366a2aaa2b1a32ae1fa1
877,12,edca8abe7dd3a699bde27f9241e73dda
878,68,ee8b2edb7ef82ae69ccc57bba1889a40
879,52,eeb00fe9de3e348006f6f7128e6cf4e3
880,37,eece82fe623b4bb335a9b9e20eb0ca54
881,43,eedb2d3b82cd4276804c339cae45fef4
882,30,eef12344364d2a2e1e2d581287cf9cd8
883,57,eef2e2ad223c5c824565b3d98086e7fc
884,33,ef3970fc96947901f21cb6dff853b8a8
885,61,ef3e90cd957439dcf1a2afcfc4b0cad7
886,0,efee4c92f7fb02a7dbd0ddba25878e2f
887,57,f0124196d19be156b58f64700fdac7e0
888,9,f06398053a230bf914041eb897dc8d62
889,19,f0df79d10df44f18742682108b17f60a
890,10,f129b4923a3e5d5f676a592a8e4b7efd
891,30,f14169430d2a1ccb92266e8fb27b5bb7
892,59,f17cfca756365f6863a241ea96ab9f75
893,52,f193cf4d5de76b20688d759ea7c66312
894,8,f1a2419d56c2a09edf4030caeebeb5b6
895,6,f1b4411717c78f67380366c2a16a4d1e
896,0,f24c7a1f58df6b9e7ee7f01012e601ac
897,38,f2a9db857bbd5fe385ed59d8f2e89621
898,13,f395649fb47860aebc4817c7a6ea90e6
899,0,f429fcd3fe77e166454f9b27813b07d1
900,16,f467b8de5a37d9a818c0cbb557089c55
901,45,f4b761ebd4f310f03e5e7f79b925ef4f
902,63,f54b6feed73d306d44d8fba250bafea8
903,59,f5efba2f8019f9eff955fa20312d0639
904,8,f696de645de36b56677457d2d3136524
905,7,f758703e18f588f2370783f8b779e664
906,42,f7858e1e354a9fa26b3055bc12a4ee5b
907,7,f86eb77e1cefe28e9f0e9d3775fae261
908,18,f91254f1c1b3112ef3464e477d23c9e8
909,11,f98673773627b4b8d152e2b168b85bb2
910,0,f9893308ea5859d7ede4e034086c461c
911,43,f9aa6d69d74e786544027a1ab3049f44
912,9,fac81ea6cbd540c89c7eee17e851a233
913,17,faebff3d5429ff2036c125a91df765c8
914,17,fb83fc6555a4f700fd92630d9fcb9cea
915,28,fb903879c556260ae2604ae0c45cb92a
916,26,fba8372d56b91b1bff7b71d970b5af58
917,6,fbe0433e5b1a3db9dc9d6ed21efc6148
918,33,fc3504d2efaaaa976a33b3c856927155
919,40,fc83b793850ea70d9e898afd0b3ef592
920,0,fc857228f75499b2f24b3d547e12b9e9
921,0,fd1bfe51e18fc13936ae19ce3a387fff
922,45,fd2130d0d215069168dc2f79c1f5ae44
923,43,fd39748ba122e84e9ac492e6fb7c7a05
924,5,fd831ca1d79ae5c6fc3a679a22e5b8cf
925,33,fda96e6cd3395dfae3e59cd4ac95f7d7
926,12,fdbee494c73577d5b1266d1fec5c6c9a
927,4,fde60697758e68d617f471e49f65db75
928,58,fdff1a7205bc3b9ab1dc5dc223782fc5
929,50,fe35f74209d1056dd315ddb17681203d
930,38,fe469488a23d4bdda47b83a659dcc103
931,7,fed19d671569afe8a2f9fa0953dd25ca
932,36,ff419a3476e21e269e340b5f1f05414e
933,61,ff714a67ba8c6a108261cd81e3b77f3a
934,16,fff482c704d36a1afe8b8978d5486283
935,47,fffecccc49436c5389075b13209f0dfa
936,39,ffff51a71f2f185ec5e97d59dbcd7a78
