,Total Late Night,Total Morning,Total Day,Total Night,,,,Percent Morning,Percent Day,Percent Night,Percent Late Night,Average Ride Revenue
0,62,49,46,120,,,,0.176895307,0.166064982,0.433212996,0.223826715,13.19490459
1,0,0,9,22,,,,0,0.290322581,0.709677419,0,10.72362736
2,2,4,5,23,,,,0.117647059,0.147058824,0.676470588,0.058823529,14.53649677
3,76,58,24,33,,,,0.303664921,0.12565445,0.172774869,0.397905759,13.85731184
4,0,235,140,0,,,,0.626666667,0.373333333,0,0,14.56892677
5,0,0,0,0,,,,0,0,0,0,0
6,82,0,3,155,,,,0,0.0125,0.645833333,0.341666667,12.43530309
7,0,5,20,28,,,,0.094339623,0.377358491,0.528301887,0,13.34419077
8,39,10,80,173,,,,0.033112583,0.264900662,0.572847682,0.129139073,14.37372545
9,1,127,178,57,,,,0.349862259,0.490358127,0.157024793,0.002754821,14.50989943
10,0,30,32,0,,,,0.483870968,0.516129032,0,0,25.32277205
11,11,5,11,29,,,,0.089285714,0.196428571,0.517857143,0.196428571,14.25591897
12,0,94,87,23,,,,0.460784314,0.426470588,0.112745098,0,14.70175794
13,3,0,0,35,,,,0,0,0.921052632,0.078947368,12.5900453
14,138,52,17,189,,,,0.131313131,0.042929293,0.477272727,0.348484848,12.67885112
15,0,15,173,35,,,,0.067264574,0.775784753,0.156950673,0,13.33730769
16,0,222,92,56,,,,0.6,0.248648649,0.151351351,0,13.44358338
17,0,0,8,35,,,,0,0.186046512,0.813953488,0,11.83211175
18,7,21,12,15,,,,0.381818182,0.218181818,0.272727273,0.127272727,16.56612172
19,21,225,63,9,,,,0.70754717,0.198113208,0.028301887,0.066037736,14.61282819
20,0,6,20,30,,,,0.107142857,0.357142857,0.535714286,0,13.41925191
21,0,10,20,2,,,,0.3125,0.625,0.0625,0,15.94966823
22,108,45,68,123,,,,0.130813953,0.197674419,0.35755814,0.313953488,14.49143219
23,15,1,7,23,,,,0.02173913,0.152173913,0.5,0.326086957,15.73850045
24,191,29,9,86,,,,0.092063492,0.028571429,0.273015873,0.606349206,14.46149936
25,1,11,25,7,,,,0.25,0.568181818,0.159090909,0.022727273,13.15998052
26,64,6,163,167,,,,0.015,0.4075,0.4175,0.16,12.53004621
27,6,60,126,94,,,,0.20979021,0.440559441,0.328671329,0.020979021,12.12616563
28,8,1,1,12,,,,0.045454545,0.045454545,0.545454545,0.363636364,11.79316657
29,1,6,168,17,,,,0.03125,0.875,0.088541667,0.005208333,11.53686529
30,30,0,0,6,,,,0,0,0.166666667,0.833333333,11.3679819
31,51,70,120,330,,,,0.122591944,0.210157618,0.57793345,0.089316988,14.5843703
32,7,109,242,164,,,,0.208812261,0.463601533,0.314176245,0.013409962,14.94825119
33,0,0,31,7,,,,0,0.815789474,0.184210526,0,10.42715949
34,14,0,0,32,,,,0,0,0.695652174,0.304347826,12.96644471
35,30,121,101,176,,,,0.28271028,0.235981308,0.411214953,0.070093458,13.35823803
36,22,0,1,15,,,,0,0.026315789,0.394736842,0.578947368,12.14313165
37,33,140,67,154,,,,0.355329949,0.170050761,0.390862944,0.083756345,13.9673829
38,0,221,83,26,,,,0.66969697,0.251515152,0.078787879,0,12.36468254
39,58,14,40,153,,,,0.052830189,0.150943396,0.577358491,0.218867925,12.32848923
40,0,0,14,26,,,,0,0.35,0.65,0,12.67698202
41,34,2,51,185,,,,0.007352941,0.1875,0.680147059,0.125,14.89238961
42,12,119,9,206,,,,0.343930636,0.026011561,0.595375723,0.034682081,12.67314254
43,9,4,10,22,,,,0.088888889,0.222222222,0.488888889,0.2,10.39636853
44,0,11,20,1,,,,0.34375,0.625,0.03125,0,18.82463812
45,80,104,101,183,,,,0.222222222,0.215811966,0.391025641,0.170940171,16.42353051
46,0,234,190,46,,,,0.49787234,0.404255319,0.09787234,0,13.04237941
47,1,12,198,217,,,,0.028037383,0.462616822,0.507009346,0.002336449,13.29555202
48,13,0,3,16,,,,0,0.09375,0.5,0.40625,16.62370821
49,0,39,1,0,,,,0.975,0.025,0,0,18.68652002
50,0,15,13,0,,,,0.535714286,0.464285714,0,0,11.49475343
51,0,4,17,20,,,,0.097560976,0.414634146,0.487804878,0,14.73689688
52,37,130,234,108,,,,0.25540275,0.459724951,0.212180747,0.072691552,11.87604353
53,6,259,182,200,,,,0.400309119,0.2812983,0.309119011,0.00927357,14.21169312
54,0,17,15,6,,,,0.447368421,0.394736842,0.157894737,0,13.2466942
55,9,9,16,5,,,,0.230769231,0.41025641,0.128205128,0.230769231,15.23441639
56,3,3,28,6,,,,0.075,0.7,0.15,0.075,12.95023453
57,81,0,90,371,,,,0,0.166051661,0.684501845,0.149446494,12.48323061
58,7,6,18,20,,,,0.117647059,0.352941176,0.392156863,0.137254902,14.00819261
59,0,0,0,0,,,,0,0,0,0,0
60,69,9,35,130,,,,0.037037037,0.144032922,0.534979424,0.283950617,12.49957273
61,0,0,0,0,,,,0,0,0,0,15.82954712
62,0,0,0,0,,,,0,0,0,0,0
63,4,8,3,9,,,,0.333333333,0.125,0.375,0.166666667,13.56659923
64,0,0,0,0,,,,0,0,0,0,0
65,11,0,1,17,,,,0,0.034482759,0.586206897,0.379310345,11.32760301
66,5,0,1,38,,,,0,0.022727273,0.863636364,0.113636364,11.07013628
67,0,0,0,0,,,,0,0,0,0,0
68,91,19,42,301,,,,0.041942605,0.092715232,0.664459161,0.200883002,13.42733659
69,1,10,8,22,,,,0.243902439,0.195121951,0.536585366,0.024390244,16.68639146
70,0,6,28,31,,,,0.092307692,0.430769231,0.476923077,0,13.17151824
71,125,54,92,77,,,,0.155172414,0.264367816,0.221264368,0.359195402,12.88168497
72,18,118,78,192,,,,0.290640394,0.192118227,0.472906404,0.044334975,13.0572902
73,0,0,0,0,,,,0,0,0,0,11.79612473
74,5,5,19,32,,,,0.081967213,0.31147541,0.524590164,0.081967213,15.84116787
75,0,95,404,183,,,,0.139296188,0.592375367,0.268328446,0,13.46574695
76,4,3,4,27,,,,0.078947368,0.105263158,0.710526316,0.105263158,10.28338084
77,45,2,0,7,,,,0.037037037,0,0.12962963,0.833333333,16.47211088
78,15,0,0,6,,,,0,0,0.285714286,0.714285714,13.0999977
79,57,55,59,116,,,,0.191637631,0.205574913,0.404181185,0.198606272,12.63034047
80,0,0,1,36,,,,0,0.027027027,0.972972973,0,15.01228696
81,4,6,23,21,,,,0.111111111,0.425925926,0.388888889,0.074074074,14.50211016
82,40,64,23,129,,,,0.25,0.08984375,0.50390625,0.15625,13.76256795
83,12,0,6,14,,,,0,0.1875,0.4375,0.375,22.50292114
84,14,106,137,182,,,,0.241457859,0.312072893,0.414578588,0.031890661,12.77947266
85,6,0,5,34,,,,0,0.111111111,0.755555556,0.133333333,18.41047812
86,5,9,60,305,,,,0.023746702,0.158311346,0.80474934,0.013192612,13.03166804
87,0,100,190,6,,,,0.337837838,0.641891892,0.02027027,0,16.73401886
88,12,3,2,9,,,,0.115384615,0.076923077,0.346153846,0.461538462,13.55609699
89,0,185,17,145,,,,0.53314121,0.048991354,0.417867435,0,13.79360426
90,25,15,121,89,,,,0.06,0.484,0.356,0.1,13.79646094
91,272,26,26,413,,,,0.035278155,0.035278155,0.560379919,0.369063772,11.76283076
92,11,26,116,101,,,,0.102362205,0.456692913,0.397637795,0.043307087,19.62913763
93,5,64,85,134,,,,0.222222222,0.295138889,0.465277778,0.017361111,16.93051898
94,21,60,61,69,,,,0.28436019,0.289099526,0.327014218,0.099526066,12.86797345
95,122,32,179,287,,,,0.051612903,0.288709677,0.462903226,0.196774194,12.48314024
96,4,7,7,29,,,,0.14893617,0.14893617,0.617021277,0.085106383,15.46205324
97,0,11,17,13,,,,0.268292683,0.414634146,0.317073171,0,13.1714999
98,151,29,90,197,,,,0.062098501,0.192719486,0.421841542,0.323340471,13.14000722
99,0,1,10,16,,,,0.037037037,0.37037037,0.592592593,0,12.06816645
100,0,0,0,0,,,,0,0,0,0,11.93605239
101,1,0,10,32,,,,0,0.23255814,0.744186047,0.023255814,11.55539369
102,111,171,16,98,,,,0.431818182,0.04040404,0.247474747,0.28030303,12.98398295
103,70,10,52,169,,,,0.033222591,0.172757475,0.561461794,0.23255814,14.05880713
104,46,13,32,225,,,,0.041139241,0.101265823,0.712025316,0.14556962,16.37341398
105,1,183,224,159,,,,0.322751323,0.395061728,0.28042328,0.001763668,12.62500383
106,6,39,33,141,,,,0.178082192,0.150684932,0.643835616,0.02739726,13.62880081
107,0,0,0,0,,,,0,0,0,0,0
108,8,1,0,19,,,,0.035714286,0,0.678571429,0.285714286,12.56460315
109,4,9,5,17,,,,0.257142857,0.142857143,0.485714286,0.114285714,9.269872219
110,2,11,108,142,,,,0.041825095,0.410646388,0.539923954,0.007604563,13.72587092
111,0,13,29,2,,,,0.295454545,0.659090909,0.045454545,0,11.84999013
112,0,3,31,11,,,,0.066666667,0.688888889,0.244444444,0,12.34065832
113,24,84,145,142,,,,0.212658228,0.367088608,0.359493671,0.060759494,14.017202
114,45,154,41,311,,,,0.279491833,0.074410163,0.564428312,0.081669691,12.94557318
115,91,33,88,158,,,,0.089189189,0.237837838,0.427027027,0.245945946,14.04797562
116,1,23,13,2,,,,0.58974359,0.333333333,0.051282051,0.025641026,16.98529676
117,11,0,1,29,,,,0,0.024390244,0.707317073,0.268292683,16.2682973
118,83,7,23,129,,,,0.02892562,0.095041322,0.533057851,0.342975207,15.09367962
119,23,108,77,165,,,,0.289544236,0.206434316,0.442359249,0.061662198,22.30833948
120,13,125,54,31,,,,0.560538117,0.242152466,0.139013453,0.058295964,13.1292893
121,16,9,86,125,,,,0.038135593,0.36440678,0.529661017,0.06779661,13.31681882
122,0,0,0,0,,,,0,0,0,0,12.64222032
123,54,32,44,65,,,,0.164102564,0.225641026,0.333333333,0.276923077,14.48377429
124,38,46,55,329,,,,0.098290598,0.117521368,0.702991453,0.081196581,12.95779557
125,7,107,93,47,,,,0.421259843,0.366141732,0.18503937,0.027559055,12.68108078
126,83,12,42,75,,,,0.056603774,0.198113208,0.353773585,0.391509434,14.10948914
127,49,0,6,170,,,,0,0.026666667,0.755555556,0.217777778,14.49752948
128,16,0,2,27,,,,0,0.044444444,0.6,0.355555556,16.59526897
129,35,84,82,163,,,,0.230769231,0.225274725,0.447802198,0.096153846,17.04145694
130,17,125,143,191,,,,0.262605042,0.300420168,0.401260504,0.035714286,12.27402754
131,1,17,14,8,,,,0.425,0.35,0.2,0.025,14.72655759
132,146,29,101,293,,,,0.050966608,0.177504394,0.514938489,0.25659051,12.62648283
133,0,0,0,0,,,,0,0,0,0,0
134,129,35,110,369,,,,0.054432348,0.171073095,0.573872473,0.200622084,14.07166843
135,10,142,151,163,,,,0.30472103,0.324034335,0.349785408,0.021459227,14.62701502
136,0,43,203,59,,,,0.140983607,0.66557377,0.193442623,0,14.75494601
137,0,0,0,0,,,,0,0,0,0,0
138,0,7,173,133,,,,0.022364217,0.552715655,0.424920128,0,15.45572928
139,0,0,13,29,,,,0,0.30952381,0.69047619,0,17.53071488
140,0,0,0,0,,,,0,0,0,0,0
141,1,11,19,17,,,,0.229166667,0.395833333,0.354166667,0.020833333,18.57965121
142,0,0,0,0,,,,0,0,0,0,0
143,0,0,4,23,,,,0,0.148148148,0.851851852,0,11.58618416
144,0,21,198,109,,,,0.06402439,0.603658537,0.332317073,0,15.37429101
145,22,221,175,170,,,,0.37585034,0.297619048,0.289115646,0.037414966,15.00275657
146,9,6,10,29,,,,0.111111111,0.185185185,0.537037037,0.166666667,14.9467489
147,0,54,152,126,,,,0.162650602,0.457831325,0.379518072,0,15.46603495
148,34,86,140,34,,,,0.292517007,0.476190476,0.115646259,0.115646259,15.37226939
149,18,6,127,90,,,,0.024896266,0.526970954,0.373443983,0.074688797,13.02277213
150,4,14,20,4,,,,0.333333333,0.476190476,0.095238095,0.095238095,14.35904393
151,43,94,129,193,,,,0.204793028,0.281045752,0.420479303,0.093681917,14.00589278
152,0,39,104,104,,,,0.157894737,0.421052632,0.421052632,0,17.02387724
153,19,0,0,34,,,,0,0,0.641509434,0.358490566,13.0533765
154,11,153,77,27,,,,0.570895522,0.287313433,0.100746269,0.041044776,13.11539158
155,3,6,14,17,,,,0.15,0.35,0.425,0.075,13.20911811
156,3,4,8,26,,,,0.097560976,0.195121951,0.634146341,0.073170732,11.99718219
157,0,0,0,0,,,,0,0,0,0,11.61931494
158,25,23,49,118,,,,0.106976744,0.227906977,0.548837209,0.11627907,15.51567423
159,0,1,20,13,,,,0.029411765,0.588235294,0.382352941,0,14.38366191
160,17,90,13,104,,,,0.401785714,0.058035714,0.464285714,0.075892857,11.59219983
161,84,82,120,153,,,,0.186788155,0.273348519,0.348519362,0.191343964,14.53372947
162,2,94,193,249,,,,0.17472119,0.358736059,0.462825279,0.003717472,12.29915481
163,5,220,35,17,,,,0.794223827,0.126353791,0.061371841,0.018050542,16.10049466
164,402,33,9,139,,,,0.056603774,0.015437393,0.238421955,0.689536878,14.0602993
165,0,4,15,16,,,,0.114285714,0.428571429,0.457142857,0,13.64914175
166,0,0,0,33,,,,0,0,1,0,11.02119824
167,0,0,24,10,,,,0,0.705882353,0.294117647,0,11.00342863
168,70,1,24,200,,,,0.003389831,0.081355932,0.677966102,0.237288136,12.62460745
169,0,192,66,0,,,,0.744186047,0.255813953,0,0,12.80694559
170,0,0,0,0,,,,0,0,0,0,0
171,13,0,0,13,,,,0,0,0.5,0.5,12.01684764
172,0,15,13,4,,,,0.46875,0.40625,0.125,0,13.01297911
173,0,0,0,0,,,,0,0,0,0,0
174,5,40,57,115,,,,0.184331797,0.262672811,0.529953917,0.023041475,12.56423763
175,9,12,3,19,,,,0.279069767,0.069767442,0.441860465,0.209302326,13.83167164
176,0,31,13,5,,,,0.632653061,0.265306122,0.102040816,0,13.68204855
177,6,0,3,18,,,,0,0.111111111,0.666666667,0.222222222,13.45608129
178,6,11,8,16,,,,0.268292683,0.195121951,0.390243902,0.146341463,14.00548372
179,6,6,6,36,,,,0.111111111,0.111111111,0.666666667,0.111111111,11.64934854
180,18,0,0,21,,,,0,0,0.538461538,0.461538462,14.04246919
181,0,1,11,17,,,,0.034482759,0.379310345,0.586206897,0,11.02905571
182,10,153,232,106,,,,0.305389222,0.463073852,0.211576846,0.01996008,12.36969947
183,56,22,37,138,,,,0.086956522,0.146245059,0.545454545,0.221343874,13.25659804
184,0,0,0,0,,,,0,0,0,0,0
185,14,2,2,7,,,,0.08,0.08,0.28,0.56,14.80469098
186,0,0,30,26,,,,0,0.535714286,0.464285714,0,17.24504332
187,0,0,7,35,,,,0,0.166666667,0.833333333,0,11.2025579
188,30,10,49,225,,,,0.031847134,0.156050955,0.71656051,0.095541401,12.8611923
189,63,0,13,103,,,,0,0.072625698,0.575418994,0.351955307,13.86170348
190,0,25,14,4,,,,0.581395349,0.325581395,0.093023256,0,17.007081
191,0,0,0,0,,,,0,0,0,0,0
192,12,35,158,186,,,,0.089514066,0.404092072,0.475703325,0.030690537,17.51902836
193,0,1,26,15,,,,0.023809524,0.619047619,0.357142857,0,14.89717467
194,0,21,6,14,,,,0.512195122,0.146341463,0.341463415,0,13.82405915
195,5,18,7,3,,,,0.545454545,0.212121212,0.090909091,0.151515152,12.53470906
196,8,98,70,31,,,,0.473429952,0.338164251,0.149758454,0.038647343,15.965193
197,2,24,4,14,,,,0.545454545,0.090909091,0.318181818,0.045454545,11.62964343
198,171,23,28,142,,,,0.063186813,0.076923077,0.39010989,0.46978022,15.23823531
199,0,29,182,48,,,,0.111969112,0.702702703,0.185328185,0,14.06960796
200,74,0,0,85,,,,0,0,0.534591195,0.465408805,13.01493292
201,5,9,12,31,,,,0.157894737,0.210526316,0.543859649,0.087719298,12.32645339
202,2,0,11,16,,,,0,0.379310345,0.551724138,0.068965517,13.3476971
203,194,1,198,390,,,,0.001277139,0.252873563,0.498084291,0.247765006,16.11638904
204,20,48,98,67,,,,0.206008584,0.420600858,0.287553648,0.08583691,12.87036384
205,0,30,9,5,,,,0.681818182,0.204545455,0.113636364,0,16.13756104
206,32,97,241,72,,,,0.219457014,0.545248869,0.162895928,0.07239819,12.62869347
207,167,3,0,20,,,,0.015789474,0,0.105263158,0.878947368,15.67306914
208,40,26,36,97,,,,0.130653266,0.180904523,0.487437186,0.201005025,11.91953897
209,17,189,154,173,,,,0.354596623,0.288930582,0.324577861,0.031894934,12.90621777
210,30,34,17,200,,,,0.120996441,0.060498221,0.711743772,0.106761566,13.95428096
211,121,25,43,244,,,,0.057736721,0.099307159,0.563510393,0.279445727,14.49810373
212,0,0,0,0,,,,0,0,0,0,0
213,135,0,0,213,,,,0,0,0.612068966,0.387931034,12.89712327
214,40,6,96,192,,,,0.017964072,0.28742515,0.574850299,0.119760479,13.64966704
215,0,0,0,0,,,,0,0,0,0,0
216,72,99,157,360,,,,0.143895349,0.228197674,0.523255814,0.104651163,13.15664562
217,79,56,130,92,,,,0.156862745,0.364145658,0.257703081,0.221288515,12.68338115
218,4,0,7,15,,,,0,0.269230769,0.576923077,0.153846154,11.9669076
219,3,13,22,21,,,,0.220338983,0.372881356,0.355932203,0.050847458,17.45342836
220,96,20,44,165,,,,0.061538462,0.135384615,0.507692308,0.295384615,13.60241006
221,7,23,58,115,,,,0.113300493,0.285714286,0.566502463,0.034482759,12.43912101
222,0,6,2,22,,,,0.2,0.066666667,0.733333333,0,16.09681979
223,34,31,149,179,,,,0.078880407,0.37913486,0.455470738,0.086513995,13.24500648
224,104,23,105,165,,,,0.057934509,0.264483627,0.415617128,0.261964736,15.37252343
225,87,32,32,141,,,,0.109589041,0.109589041,0.482876712,0.297945205,11.65835427
226,0,191,121,0,,,,0.612179487,0.387820513,0,0,14.00718593
227,0,134,76,0,,,,0.638095238,0.361904762,0,0,14.69204584
228,0,0,0,0,,,,0,0,0,0,0
229,10,4,13,19,,,,0.086956522,0.282608696,0.413043478,0.217391304,15.80852303
230,0,0,7,17,,,,0,0.291666667,0.708333333,0,12.40955866
231,0,104,123,39,,,,0.390977444,0.462406015,0.146616541,0,16.31457494
232,4,105,68,43,,,,0.477272727,0.309090909,0.195454545,0.018181818,13.01888348
233,0,110,127,74,,,,0.353697749,0.408360129,0.237942122,0,13.17900509
234,12,52,40,89,,,,0.269430052,0.207253886,0.461139896,0.062176166,12.29256443
235,0,112,163,16,,,,0.384879725,0.560137457,0.054982818,0,13.79048574
236,2,47,114,46,,,,0.224880383,0.545454545,0.220095694,0.009569378,11.0847416
237,75,144,142,88,,,,0.320712695,0.316258352,0.195991091,0.167037862,15.09837115
238,0,159,75,82,,,,0.503164557,0.237341772,0.259493671,0,15.09317497
239,0,1,47,20,,,,0.014705882,0.691176471,0.294117647,0,16.38246254
240,32,0,37,277,,,,0,0.106936416,0.800578035,0.092485549,13.07654642
241,25,22,53,134,,,,0.094017094,0.226495726,0.572649573,0.106837607,12.01926567
242,121,54,90,214,,,,0.112734864,0.187891441,0.446764092,0.252609603,15.33018872
243,11,12,5,11,,,,0.307692308,0.128205128,0.282051282,0.282051282,14.40858146
244,18,11,43,110,,,,0.06043956,0.236263736,0.604395604,0.098901099,12.68681138
245,6,5,3,21,,,,0.142857143,0.085714286,0.6,0.171428571,14.7640708
246,27,16,23,17,,,,0.192771084,0.277108434,0.204819277,0.325301205,16.48786598
247,3,18,130,68,,,,0.082191781,0.593607306,0.310502283,0.01369863,13.75530767
248,68,7,4,124,,,,0.034482759,0.019704433,0.610837438,0.334975369,12.22707374
249,171,75,115,225,,,,0.127986348,0.196245734,0.383959044,0.291808874,14.82612337
250,93,137,48,125,,,,0.339950372,0.1191067,0.310173697,0.230769231,13.04391906
251,54,61,45,75,,,,0.259574468,0.191489362,0.319148936,0.229787234,15.05933264
252,0,100,110,6,,,,0.462962963,0.509259259,0.027777778,0,14.26618001
253,29,0,37,111,,,,0,0.209039548,0.627118644,0.163841808,12.39350309
254,0,41,15,0,,,,0.732142857,0.267857143,0,0,17.34736661
255,20,66,24,225,,,,0.197014925,0.071641791,0.671641791,0.059701493,12.66155893
256,7,0,6,34,,,,0,0.127659574,0.723404255,0.14893617,10.61390794
257,0,0,0,0,,,,0,0,0,0,0
258,1,160,71,5,,,,0.675105485,0.299578059,0.021097046,0.004219409,14.12250388
259,69,71,133,188,,,,0.154013015,0.288503254,0.407809111,0.14967462,18.92093994
260,4,0,15,17,,,,0,0.416666667,0.472222222,0.111111111,11.73629303
261,1,119,115,190,,,,0.28,0.270588235,0.447058824,0.002352941,13.05499126
262,19,1,2,6,,,,0.035714286,0.071428571,0.214285714,0.678571429,16.34270716
263,98,0,2,95,,,,0,0.01025641,0.487179487,0.502564103,13.70821761
264,11,4,7,11,,,,0.121212121,0.212121212,0.333333333,0.333333333,11.00135801
265,48,6,59,185,,,,0.020134228,0.197986577,0.620805369,0.161073826,12.87102371
266,30,43,86,161,,,,0.134375,0.26875,0.503125,0.09375,13.34994655
267,40,25,26,132,,,,0.112107623,0.116591928,0.591928251,0.179372197,13.9089474
268,23,3,1,22,,,,0.06122449,0.020408163,0.448979592,0.469387755,15.65255677
269,26,258,182,82,,,,0.47080292,0.332116788,0.149635036,0.047445255,13.00083174
270,43,21,18,122,,,,0.102941176,0.088235294,0.598039216,0.210784314,14.67411258
271,0,0,0,0,,,,0,0,0,0,0
272,92,30,116,172,,,,0.073170732,0.282926829,0.419512195,0.224390244,13.36576458
273,0,11,27,12,,,,0.22,0.54,0.24,0,15.59618143
274,46,28,67,86,,,,0.123348018,0.295154185,0.378854626,0.202643172,13.49428469
275,0,67,98,50,,,,0.311627907,0.455813953,0.23255814,0,13.60879757
276,108,1,20,99,,,,0.004385965,0.087719298,0.434210526,0.473684211,14.0221473
277,7,4,7,24,,,,0.095238095,0.166666667,0.571428571,0.166666667,12.60521481
278,77,43,34,73,,,,0.189427313,0.149779736,0.321585903,0.339207048,13.89451639
279,7,5,16,25,,,,0.094339623,0.301886792,0.471698113,0.132075472,14.80996127
280,0,22,23,6,,,,0.431372549,0.450980392,0.117647059,0,16.23220851
281,0,0,0,0,,,,0,0,0,0,13.00222926
282,0,10,12,5,,,,0.37037037,0.444444444,0.185185185,0,11.51691381
283,0,0,0,0,,,,0,0,0,0,0
284,0,0,0,0,,,,0,0,0,0,0
285,36,31,22,99,,,,0.164893617,0.117021277,0.526595745,0.191489362,13.59060521
286,45,57,31,144,,,,0.205776173,0.111913357,0.519855596,0.162454874,14.86074327
287,38,101,45,130,,,,0.321656051,0.143312102,0.414012739,0.121019108,12.5047747
288,0,35,104,31,,,,0.205882353,0.611764706,0.182352941,0,12.91539056
289,26,3,63,136,,,,0.013157895,0.276315789,0.596491228,0.114035088,16.33747609
290,4,14,14,7,,,,0.358974359,0.358974359,0.179487179,0.102564103,14.78126548
291,1,2,14,10,,,,0.074074074,0.518518519,0.37037037,0.037037037,14.03335271
292,0,4,24,17,,,,0.088888889,0.533333333,0.377777778,0,14.15033726
293,0,0,0,0,,,,0,0,0,0,0
294,13,59,122,131,,,,0.181538462,0.375384615,0.403076923,0.04,12.14852479
295,5,334,150,155,,,,0.51863354,0.232919255,0.24068323,0.007763975,13.78330435
296,173,184,112,362,,,,0.221419976,0.134777377,0.435619735,0.208182912,13.3421388
297,0,5,10,20,,,,0.142857143,0.285714286,0.571428571,0,11.74530484
298,71,1,72,176,,,,0.003125,0.225,0.55,0.221875,12.66380439
299,0,0,0,0,,,,0,0,0,0,0
300,0,0,0,0,,,,0,0,0,0,11.85687913
301,103,53,29,61,,,,0.215447154,0.117886179,0.24796748,0.418699187,14.98472927
302,9,140,47,60,,,,0.546875,0.18359375,0.234375,0.03515625,16.58064407
303,0,30,108,81,,,,0.136986301,0.493150685,0.369863014,0,12.88326813
304,13,7,5,6,,,,0.225806452,0.161290323,0.193548387,0.419354839,12.01545236
305,37,86,33,121,,,,0.310469314,0.119133574,0.436823105,0.133574007,16.49403577
306,53,59,146,159,,,,0.141486811,0.350119904,0.381294964,0.127098321,13.62388271
307,50,24,84,82,,,,0.1,0.35,0.341666667,0.208333333,12.99835618
308,0,0,0,0,,,,0,0,0,0,0
309,0,0,25,22,,,,0,0.531914894,0.468085106,0,13.73455355
310,7,210,62,297,,,,0.364583333,0.107638889,0.515625,0.012152778,13.56883642
311,0,0,0,0,,,,0,0,0,0,11.46183453
312,15,0,61,160,,,,0,0.258474576,0.677966102,0.063559322,12.27005156
313,0,26,25,12,,,,0.412698413,0.396825397,0.19047619,0,15.87042757
314,9,21,142,169,,,,0.061583578,0.416422287,0.495601173,0.026392962,12.3420712
315,6,0,15,28,,,,0,0.306122449,0.571428571,0.12244898,11.11903771
316,0,14,16,10,,,,0.35,0.4,0.25,0,14.1957952
317,0,0,0,0,,,,0,0,0,0,0
318,0,0,0,0,,,,0,0,0,0,0
319,171,78,102,299,,,,0.12,0.156923077,0.46,0.263076923,14.94066734
320,104,69,36,80,,,,0.238754325,0.124567474,0.276816609,0.359861592,13.5435201
321,0,5,21,11,,,,0.135135135,0.567567568,0.297297297,0,13.28385881
322,82,63,39,71,,,,0.247058824,0.152941176,0.278431373,0.321568627,15.3304076
323,101,107,38,72,,,,0.336477987,0.119496855,0.226415094,0.317610063,15.63367559
324,1,1,37,12,,,,0.019607843,0.725490196,0.235294118,0.019607843,17.74440927
325,0,2,35,2,,,,0.051282051,0.897435897,0.051282051,0,14.20969615
326,0,0,0,0,,,,0,0,0,0,0
327,0,0,0,0,,,,0,0,0,0,0
328,0,9,17,10,,,,0.25,0.472222222,0.277777778,0,13.9559953
329,5,18,8,18,,,,0.367346939,0.163265306,0.367346939,0.102040816,14.01965172
330,8,0,12,24,,,,0,0.272727273,0.545454545,0.181818182,15.30681756
331,27,16,188,201,,,,0.037037037,0.435185185,0.465277778,0.0625,13.21602612
332,0,9,20,10,,,,0.230769231,0.512820513,0.256410256,0,10.70114605
333,39,47,43,123,,,,0.186507937,0.170634921,0.488095238,0.154761905,16.31019143
334,3,11,17,19,,,,0.22,0.34,0.38,0.06,16.26236345
335,114,36,77,225,,,,0.079646018,0.170353982,0.497787611,0.252212389,16.6918221
336,2,0,2,44,,,,0,0.041666667,0.916666667,0.041666667,11.31820325
337,15,105,80,92,,,,0.359589041,0.273972603,0.315068493,0.051369863,13.81979309
338,33,127,148,203,,,,0.24853229,0.28962818,0.397260274,0.064579256,13.42144124
339,4,68,88,98,,,,0.263565891,0.341085271,0.379844961,0.015503876,14.79003221
340,54,7,63,157,,,,0.024911032,0.224199288,0.558718861,0.192170819,12.82699158
341,22,82,31,63,,,,0.414141414,0.156565657,0.318181818,0.111111111,14.72444392
342,1,5,18,26,,,,0.1,0.36,0.52,0.02,13.05630325
343,14,149,98,22,,,,0.526501767,0.346289753,0.077738516,0.049469965,14.40057677
344,123,227,141,428,,,,0.247007617,0.153427639,0.465723613,0.133841132,13.75548759
345,128,41,36,143,,,,0.117816092,0.103448276,0.41091954,0.367816092,14.18069727
346,7,0,5,16,,,,0,0.178571429,0.571428571,0.25,15.07258255
347,0,115,28,100,,,,0.473251029,0.115226337,0.411522634,0,14.52258682
348,0,164,128,0,,,,0.561643836,0.438356164,0,0,12.16498863
349,0,0,0,0,,,,0,0,0,0,0
350,55,21,97,155,,,,0.06402439,0.295731707,0.472560976,0.167682927,12.20906515
351,0,0,35,17,,,,0,0.673076923,0.326923077,0,14.47182489
352,3,10,3,15,,,,0.322580645,0.096774194,0.483870968,0.096774194,12.9965199
353,0,223,232,16,,,,0.473460722,0.492569002,0.033970276,0,13.23085532
354,44,78,171,63,,,,0.219101124,0.480337079,0.176966292,0.123595506,14.82945562
355,4,0,9,18,,,,0,0.290322581,0.580645161,0.129032258,12.92616435
356,45,9,38,178,,,,0.033333333,0.140740741,0.659259259,0.166666667,12.80156228
357,0,304,127,0,,,,0.705336427,0.294663573,0,0,13.7409165
358,31,1,0,23,,,,0.018181818,0,0.418181818,0.563636364,17.33503558
359,68,108,56,186,,,,0.258373206,0.133971292,0.444976077,0.162679426,12.90450185
360,0,120,125,57,,,,0.397350993,0.413907285,0.188741722,0,14.60901953
361,1,136,165,20,,,,0.422360248,0.51242236,0.062111801,0.00310559,13.11014664
362,39,190,108,333,,,,0.28358209,0.16119403,0.497014925,0.058208955,12.37315378
363,0,0,0,0,,,,0,0,0,0,0
364,34,2,37,158,,,,0.008658009,0.16017316,0.683982684,0.147186147,13.42037564
365,24,6,20,128,,,,0.033707865,0.112359551,0.719101124,0.134831461,12.65444471
366,0,4,192,162,,,,0.011173184,0.536312849,0.452513966,0,13.35881756
367,91,66,63,89,,,,0.213592233,0.203883495,0.28802589,0.294498382,12.86098508
368,149,53,43,129,,,,0.14171123,0.114973262,0.344919786,0.398395722,13.3219696
369,56,84,81,159,,,,0.221052632,0.213157895,0.418421053,0.147368421,12.85348891
370,9,0,1,27,,,,0,0.027027027,0.72972973,0.243243243,20.66723832
371,144,20,34,170,,,,0.054347826,0.092391304,0.461956522,0.391304348,13.94422119
372,0,0,32,2,,,,0,0.941176471,0.058823529,0,12.78984978
373,0,0,0,0,,,,0,0,0,0,0
374,0,0,0,0,,,,0,0,0,0,0
375,28,108,131,112,,,,0.284960422,0.345646438,0.295514512,0.073878628,14.02365966
376,0,251,194,62,,,,0.495069034,0.382642998,0.122287968,0,14.22577817
377,11,49,101,70,,,,0.212121212,0.437229437,0.303030303,0.047619048,13.54798252
378,81,0,4,86,,,,0,0.023391813,0.502923977,0.473684211,12.34184927
379,0,181,67,2,,,,0.724,0.268,0.008,0,12.12892712
380,59,61,63,171,,,,0.172316384,0.177966102,0.483050847,0.166666667,13.86836888
381,17,21,28,237,,,,0.069306931,0.092409241,0.782178218,0.056105611,13.02155199
382,91,56,67,111,,,,0.172307692,0.206153846,0.341538462,0.28,15.06065505
383,0,100,109,18,,,,0.440528634,0.480176211,0.079295154,0,12.93006325
384,0,82,119,1,,,,0.405940594,0.589108911,0.004950495,0,12.49420081
385,56,145,84,81,,,,0.396174863,0.229508197,0.221311475,0.153005464,13.94065319
386,0,0,0,0,,,,0,0,0,0,0
387,0,1,31,1,,,,0.03030303,0.939393939,0.03030303,0,15.05935611
388,20,148,99,158,,,,0.348235294,0.232941176,0.371764706,0.047058824,12.87397421
389,375,49,12,358,,,,0.061712846,0.01511335,0.450881612,0.472292191,12.47390526
390,9,5,68,185,,,,0.018726592,0.254681648,0.692883895,0.033707865,12.80281967
391,0,2,5,15,,,,0.090909091,0.227272727,0.681818182,0,11.79072117
392,169,79,77,247,,,,0.138111888,0.134615385,0.431818182,0.295454545,14.44617893
393,0,0,0,0,,,,0,0,0,0,0
394,4,5,8,22,,,,0.128205128,0.205128205,0.564102564,0.102564103,13.92130435
395,4,62,77,111,,,,0.244094488,0.303149606,0.437007874,0.015748031,13.76064082
396,81,0,10,345,,,,0,0.02293578,0.791284404,0.185779817,12.29824903
397,24,46,58,107,,,,0.195744681,0.246808511,0.455319149,0.10212766,13.08398026
398,44,14,47,110,,,,0.065116279,0.218604651,0.511627907,0.204651163,13.84525841
399,0,1,52,9,,,,0.016129032,0.838709677,0.14516129,0,18.36612936
400,26,28,157,138,,,,0.080229226,0.449856734,0.395415473,0.074498567,11.09215851
401,111,100,224,283,,,,0.139275766,0.311977716,0.394150418,0.1545961,15.39450734
402,5,3,29,14,,,,0.058823529,0.568627451,0.274509804,0.098039216,12.55289863
403,0,26,17,0,,,,0.604651163,0.395348837,0,0,12.2334316
404,108,0,4,268,,,,0,0.010526316,0.705263158,0.284210526,11.91950562
405,1,71,65,121,,,,0.275193798,0.251937984,0.468992248,0.003875969,12.94560455
406,67,165,107,103,,,,0.373303167,0.242081448,0.233031674,0.15158371,15.22228732
407,8,4,14,33,,,,0.06779661,0.237288136,0.559322034,0.13559322,14.86175602
408,131,0,14,326,,,,0,0.029723992,0.692144374,0.278131635,12.53208704
409,0,3,9,16,,,,0.107142857,0.321428571,0.571428571,0,17.09859192
410,0,2,9,20,,,,0.064516129,0.290322581,0.64516129,0,15.24959377
411,1,6,11,11,,,,0.206896552,0.379310345,0.379310345,0.034482759,14.39044392
412,0,0,0,0,,,,0,0,0,0,0
413,0,3,24,26,,,,0.056603774,0.452830189,0.490566038,0,14.30028319
414,2,0,10,4,,,,0,0.625,0.25,0.125,16.606294
415,14,33,29,66,,,,0.232394366,0.204225352,0.464788732,0.098591549,12.47850542
416,0,7,17,11,,,,0.2,0.485714286,0.314285714,0,12.12686569
417,0,7,15,18,,,,0.175,0.375,0.45,0,12.67832452
418,110,113,61,210,,,,0.228744939,0.123481781,0.425101215,0.222672065,14.30997168
419,0,13,22,9,,,,0.295454545,0.5,0.204545455,0,12.81756205
420,0,94,197,51,,,,0.274853801,0.576023392,0.149122807,0,12.6666841
421,15,5,15,9,,,,0.113636364,0.340909091,0.204545455,0.340909091,14.49083402
422,0,0,0,0,,,,0,0,0,0,0
423,0,74,183,91,,,,0.212643678,0.525862069,0.261494253,0,11.60796307
424,4,144,53,40,,,,0.597510373,0.219917012,0.165975104,0.01659751,13.32272925
425,10,96,187,143,,,,0.220183486,0.428899083,0.327981651,0.02293578,15.14610019
426,2,0,7,10,,,,0,0.368421053,0.526315789,0.105263158,11.83086277
427,0,0,0,0,,,,0,0,0,0,0
428,25,13,152,130,,,,0.040625,0.475,0.40625,0.078125,12.61079516
429,43,48,20,119,,,,0.208695652,0.086956522,0.517391304,0.186956522,14.09557411
430,0,102,95,89,,,,0.356643357,0.332167832,0.311188811,0,12.62595588
431,45,9,23,240,,,,0.028391167,0.072555205,0.757097792,0.141955836,11.28920317
432,0,105,249,4,,,,0.293296089,0.695530726,0.011173184,0,15.24201688
433,10,12,89,269,,,,0.031578947,0.234210526,0.707894737,0.026315789,12.63859244
434,18,88,47,77,,,,0.382608696,0.204347826,0.334782609,0.07826087,14.45964549
435,27,0,3,33,,,,0,0.047619048,0.523809524,0.428571429,25.06826137
436,0,0,0,0,,,,0,0,0,0,0
437,0,0,0,0,,,,0,0,0,0,0
438,2,0,17,15,,,,0,0.5,0.441176471,0.058823529,11.67706137
439,0,17,2,9,,,,0.607142857,0.071428571,0.321428571,0,15.20313272
440,6,1,8,22,,,,0.027027027,0.216216216,0.594594595,0.162162162,11.28662017
441,0,93,117,91,,,,0.3089701,0.388704319,0.302325581,0,14.04118043
442,107,69,109,177,,,,0.149350649,0.235930736,0.383116883,0.231601732,14.37886051
443,6,47,125,108,,,,0.164335664,0.437062937,0.377622378,0.020979021,17.52234743
444,3,6,11,9,,,,0.206896552,0.379310345,0.310344828,0.103448276,17.96015442
445,4,122,83,60,,,,0.453531599,0.308550186,0.223048327,0.014869888,12.63423282
446,42,43,18,111,,,,0.200934579,0.08411215,0.518691589,0.196261682,14.36964417
447,21,124,164,51,,,,0.344444444,0.455555556,0.141666667,0.058333333,14.1366199
448,9,125,68,191,,,,0.318066158,0.17302799,0.486005089,0.022900763,12.95146101
449,0,196,30,3,,,,0.855895197,0.131004367,0.013100437,0,12.67420575
450,1,17,7,14,,,,0.435897436,0.179487179,0.358974359,0.025641026,11.80123224
451,3,36,64,98,,,,0.179104478,0.31840796,0.487562189,0.014925373,13.12276579
452,70,62,32,54,,,,0.28440367,0.146788991,0.247706422,0.321100917,12.31038639
453,109,7,64,96,,,,0.025362319,0.231884058,0.347826087,0.394927536,12.32863162
454,14,69,69,165,,,,0.217665615,0.217665615,0.520504732,0.044164038,15.9314036
455,0,4,14,5,,,,0.173913043,0.608695652,0.217391304,0,13.07321762
456,61,0,22,152,,,,0,0.093617021,0.646808511,0.259574468,16.10353689
457,10,100,204,108,,,,0.236966825,0.483412322,0.255924171,0.023696682,13.30037275
458,0,0,0,0,,,,0,0,0,0,0
459,0,105,172,180,,,,0.2297593,0.376367615,0.393873085,0,12.96453701
460,29,15,12,17,,,,0.205479452,0.164383562,0.232876712,0.397260274,14.10609342
461,0,0,0,0,,,,0,0,0,0,0
462,263,4,2,34,,,,0.01320132,0.00660066,0.112211221,0.867986799,13.08550605
463,0,0,0,0,,,,0,0,0,0,12.75306924
464,8,26,32,243,,,,0.084142395,0.103559871,0.786407767,0.025889968,12.31542476
465,5,83,96,46,,,,0.360869565,0.417391304,0.2,0.02173913,14.83868702
466,5,0,0,33,,,,0,0,0.868421053,0.131578947,12.13458518
467,194,2,1,29,,,,0.008849558,0.004424779,0.128318584,0.85840708,14.02191286
468,0,55,165,6,,,,0.243362832,0.730088496,0.026548673,0,12.91106002
469,48,11,25,123,,,,0.053140097,0.120772947,0.594202899,0.231884058,17.17789402
470,5,1,14,20,,,,0.025,0.35,0.5,0.125,12.53763664
471,0,0,1,2,,,,0,0.333333333,0.666666667,0,8.563774835
472,9,41,30,168,,,,0.165322581,0.120967742,0.677419355,0.036290323,13.28887472
473,0,115,104,1,,,,0.522727273,0.472727273,0.004545455,0,13.95198977
474,0,0,0,0,,,,0,0,0,0,0
475,0,13,34,9,,,,0.232142857,0.607142857,0.160714286,0,12.88815676
476,96,133,103,143,,,,0.28,0.216842105,0.301052632,0.202105263,17.10660309
477,5,18,38,22,,,,0.21686747,0.457831325,0.265060241,0.060240964,14.45144056
478,47,0,60,151,,,,0,0.23255814,0.585271318,0.182170543,13.23131902
479,0,0,0,0,,,,0,0,0,0,0
480,22,46,45,143,,,,0.1796875,0.17578125,0.55859375,0.0859375,15.30091117
481,19,15,73,93,,,,0.075,0.365,0.465,0.095,12.27478959
482,1,0,14,24,,,,0,0.358974359,0.615384615,0.025641026,14.09648351
483,54,37,16,171,,,,0.133093525,0.057553957,0.615107914,0.194244604,13.57660413
484,0,4,43,136,,,,0.021857923,0.234972678,0.743169399,0,13.61988444
485,0,0,26,144,,,,0,0.152941176,0.847058824,0,15.72918585
486,0,12,23,1,,,,0.333333333,0.638888889,0.027777778,0,10.03566302
487,3,0,26,18,,,,0,0.553191489,0.382978723,0.063829787,15.22759792
488,39,40,143,156,,,,0.105820106,0.378306878,0.412698413,0.103174603,12.88731294
489,6,20,43,140,,,,0.09569378,0.205741627,0.669856459,0.028708134,13.08750753
490,0,0,3,0,,,,0,1,0,0,12.1681744
491,8,75,185,149,,,,0.179856115,0.443645084,0.357314149,0.019184652,13.15830066
492,117,28,93,206,,,,0.063063063,0.209459459,0.463963964,0.263513514,12.925775
493,1,60,137,27,,,,0.266666667,0.608888889,0.12,0.004444444,12.93146563
494,1,0,0,42,,,,0,0,0.976744186,0.023255814,15.67694584
495,1,0,0,28,,,,0,0,0.965517241,0.034482759,15.75322826
496,0,121,94,25,,,,0.504166667,0.391666667,0.104166667,0,13.8179971
497,0,0,0,0,,,,0,0,0,0,11.87139567
498,32,35,83,109,,,,0.135135135,0.32046332,0.420849421,0.123552124,11.96757991
499,103,11,50,185,,,,0.031518625,0.143266476,0.53008596,0.29512894,14.73926354
500,0,0,0,0,,,,0,0,0,0,0
501,0,0,0,0,,,,0,0,0,0,0
502,0,0,0,0,,,,0,0,0,0,0
503,13,0,19,15,,,,0,0.404255319,0.319148936,0.276595745,10.42486247
504,8,1,7,17,,,,0.03030303,0.212121212,0.515151515,0.242424242,11.04312444
505,2,10,20,3,,,,0.285714286,0.571428571,0.085714286,0.057142857,15.87017792
506,0,113,107,96,,,,0.357594937,0.338607595,0.303797468,0,12.79195762
507,0,253,327,241,,,,0.30816078,0.398294762,0.293544458,0,13.2208371
508,4,25,9,16,,,,0.462962963,0.166666667,0.296296296,0.074074074,13.42412592
509,12,0,0,30,,,,0,0,0.714285714,0.285714286,11.08076362
510,0,0,0,0,,,,0,0,0,0,0
511,23,2,5,23,,,,0.037735849,0.094339623,0.433962264,0.433962264,14.37592215
512,25,180,24,155,,,,0.46875,0.0625,0.403645833,0.065104167,13.01445016
513,56,96,81,180,,,,0.232445521,0.196125908,0.435835351,0.13559322,15.45564437
514,77,181,123,197,,,,0.313148789,0.212802768,0.34083045,0.133217993,14.87643935
515,3,2,13,38,,,,0.035714286,0.232142857,0.678571429,0.053571429,16.03679383
516,11,0,2,21,,,,0,0.058823529,0.617647059,0.323529412,13.64777328
517,0,0,0,0,,,,0,0,0,0,0
518,31,64,69,115,,,,0.229390681,0.247311828,0.41218638,0.111111111,15.88274228
519,5,12,5,22,,,,0.272727273,0.113636364,0.5,0.113636364,13.23562514
520,0,18,23,15,,,,0.321428571,0.410714286,0.267857143,0,13.29818677
521,0,20,10,0,,,,0.666666667,0.333333333,0,0,12.94325881
522,26,0,0,3,,,,0,0,0.103448276,0.896551724,12.84149661
523,12,5,17,27,,,,0.081967213,0.278688525,0.442622951,0.196721311,15.02185504
524,5,92,92,50,,,,0.384937238,0.384937238,0.209205021,0.020920502,14.2389503
525,12,28,9,9,,,,0.482758621,0.155172414,0.155172414,0.206896552,15.08812458
526,0,0,0,0,,,,0,0,0,0,0
527,0,0,0,0,,,,0,0,0,0,0
528,122,14,158,315,,,,0.022988506,0.259441708,0.517241379,0.200328407,15.31096168
529,26,29,1,4,,,,0.483333333,0.016666667,0.066666667,0.433333333,16.47142927
530,64,9,31,164,,,,0.03358209,0.115671642,0.611940299,0.23880597,13.67340903
531,5,42,223,124,,,,0.106598985,0.565989848,0.314720812,0.012690355,13.34990004
532,1,0,20,18,,,,0,0.512820513,0.461538462,0.025641026,16.07656477
533,82,51,38,100,,,,0.188191882,0.140221402,0.36900369,0.302583026,12.81384524
534,0,23,39,0,,,,0.370967742,0.629032258,0,0,15.54438816
535,0,12,6,14,,,,0.375,0.1875,0.4375,0,15.36982782
536,96,3,31,325,,,,0.006593407,0.068131868,0.714285714,0.210989011,12.20994675
537,0,153,137,62,,,,0.434659091,0.389204545,0.176136364,0,11.92860052
538,0,0,1,23,,,,0,0.041666667,0.958333333,0,12.078743
539,10,1,11,9,,,,0.032258065,0.35483871,0.290322581,0.322580645,10.74954671
540,0,20,18,5,,,,0.465116279,0.418604651,0.11627907,0,17.23382139
541,5,12,80,126,,,,0.053811659,0.358744395,0.565022422,0.022421525,12.78810338
542,1,24,146,86,,,,0.093385214,0.568093385,0.33463035,0.003891051,14.86630257
543,0,0,5,39,,,,0,0.113636364,0.886363636,0,15.46724865
544,1,1,31,27,,,,0.016666667,0.516666667,0.45,0.016666667,12.26554732
545,68,37,120,152,,,,0.098143236,0.318302387,0.403183024,0.180371353,13.30033397
546,31,0,14,200,,,,0,0.057142857,0.816326531,0.126530612,12.96565354
547,22,12,29,82,,,,0.082758621,0.2,0.565517241,0.151724138,13.3083967
548,2,9,10,15,,,,0.25,0.277777778,0.416666667,0.055555556,14.50442168
549,0,21,19,15,,,,0.381818182,0.345454545,0.272727273,0,16.93612787
550,90,48,75,188,,,,0.119700748,0.187032419,0.46882793,0.224438903,14.48781311
551,40,11,113,90,,,,0.043307087,0.44488189,0.354330709,0.157480315,12.83754173
552,33,0,0,4,,,,0,0,0.108108108,0.891891892,13.23603628
553,0,8,14,16,,,,0.210526316,0.368421053,0.421052632,0,13.77968797
554,15,1,10,14,,,,0.025,0.25,0.35,0.375,11.79747941
555,125,80,126,356,,,,0.116448326,0.183406114,0.518195051,0.181950509,12.93623719
556,0,1,16,25,,,,0.023809524,0.380952381,0.595238095,0,18.33738967
557,41,21,55,197,,,,0.066878981,0.175159236,0.627388535,0.130573248,13.59226675
558,11,59,114,85,,,,0.219330855,0.423791822,0.31598513,0.040892193,12.54948001
559,31,144,116,77,,,,0.391304348,0.315217391,0.20923913,0.08423913,12.379017
560,0,0,0,0,,,,0,0,0,0,13.19430694
561,6,2,26,9,,,,0.046511628,0.604651163,0.209302326,0.139534884,19.2033884
562,215,54,53,245,,,,0.095238095,0.093474427,0.432098765,0.379188713,13.64225102
563,19,111,40,85,,,,0.435294118,0.156862745,0.333333333,0.074509804,14.43322552
564,1,19,15,12,,,,0.404255319,0.319148936,0.255319149,0.021276596,15.5993244
565,11,30,32,118,,,,0.157068063,0.167539267,0.617801047,0.057591623,12.22306804
566,1,24,4,14,,,,0.558139535,0.093023256,0.325581395,0.023255814,19.225635
567,0,122,281,75,,,,0.255230126,0.587866109,0.156903766,0,13.58669898
568,0,0,0,0,,,,0,0,0,0,0
569,4,0,19,190,,,,0,0.089201878,0.892018779,0.018779343,11.57832218
570,0,103,54,67,,,,0.459821429,0.241071429,0.299107143,0,16.20055133
571,36,64,75,99,,,,0.233576642,0.273722628,0.361313869,0.131386861,12.74103394
572,0,4,170,86,,,,0.015384615,0.653846154,0.330769231,0,13.13910411
573,0,22,8,4,,,,0.647058824,0.235294118,0.117647059,0,10.78721777
574,16,38,52,89,,,,0.194871795,0.266666667,0.456410256,0.082051282,13.534041
575,40,23,143,173,,,,0.060686016,0.377308707,0.45646438,0.105540897,12.20848233
576,3,32,11,9,,,,0.581818182,0.2,0.163636364,0.054545455,13.38232847
577,3,66,106,70,,,,0.269387755,0.432653061,0.285714286,0.012244898,15.58280481
578,9,173,60,85,,,,0.529051988,0.183486239,0.259938838,0.027522936,14.92867111
579,5,2,13,18,,,,0.052631579,0.342105263,0.473684211,0.131578947,13.05355132
580,0,6,25,23,,,,0.111111111,0.462962963,0.425925926,0,15.88959285
581,5,74,74,133,,,,0.258741259,0.258741259,0.465034965,0.017482517,15.01655935
582,59,13,19,176,,,,0.048689139,0.071161049,0.65917603,0.220973783,13.82349697
583,33,20,68,126,,,,0.08097166,0.275303644,0.510121457,0.133603239,15.95821574
584,0,0,0,0,,,,0,0,0,0,0
585,3,9,17,18,,,,0.191489362,0.361702128,0.382978723,0.063829787,12.65160888
586,0,12,28,5,,,,0.266666667,0.622222222,0.111111111,0,11.50001159
587,26,110,48,74,,,,0.426356589,0.186046512,0.286821705,0.100775194,14.33787829
588,19,0,10,7,,,,0,0.277777778,0.194444444,0.527777778,15.01134673
589,72,18,12,101,,,,0.088669951,0.0591133,0.497536946,0.354679803,12.55047018
590,8,6,22,10,,,,0.130434783,0.47826087,0.217391304,0.173913043,12.89785627
591,170,5,18,104,,,,0.016835017,0.060606061,0.35016835,0.572390572,13.77223923
592,0,120,108,5,,,,0.515021459,0.463519313,0.021459227,0,12.88104138
593,16,14,86,174,,,,0.048275862,0.296551724,0.6,0.055172414,12.99993094
594,177,4,0,85,,,,0.015037594,0,0.319548872,0.665413534,12.87941726
595,49,0,44,256,,,,0,0.126074499,0.733524355,0.140401146,13.22191157
596,35,32,39,121,,,,0.140969163,0.171806167,0.533039648,0.154185022,15.06162516
597,0,0,11,42,,,,0,0.20754717,0.79245283,0,12.20538061
598,0,271,52,0,,,,0.839009288,0.160990712,0,0,13.80035359
599,6,0,6,17,,,,0,0.206896552,0.586206897,0.206896552,11.93580914
600,4,0,8,27,,,,0,0.205128205,0.692307692,0.102564103,12.04629263
601,0,10,30,24,,,,0.15625,0.46875,0.375,0,14.78514597
602,2,14,21,21,,,,0.24137931,0.362068966,0.362068966,0.034482759,16.17828391
603,1,289,200,0,,,,0.589795918,0.408163265,0,0.002040816,14.17808417
604,7,228,152,65,,,,0.504424779,0.336283186,0.14380531,0.015486726,12.96292657
605,27,86,65,80,,,,0.333333333,0.251937984,0.310077519,0.104651163,13.07521135
606,80,30,104,145,,,,0.08356546,0.289693593,0.403899721,0.222841226,14.52212138
607,13,0,5,21,,,,0,0.128205128,0.538461538,0.333333333,10.75803402
608,6,10,14,11,,,,0.243902439,0.341463415,0.268292683,0.146341463,11.24018494
609,126,43,25,108,,,,0.142384106,0.082781457,0.357615894,0.417218543,15.22060857
610,2,97,106,72,,,,0.350180505,0.38267148,0.259927798,0.007220217,13.16322742
611,7,0,1,25,,,,0,0.03030303,0.757575758,0.212121212,12.11278692
612,0,10,38,19,,,,0.149253731,0.567164179,0.28358209,0,17.59549119
613,10,0,8,7,,,,0,0.32,0.28,0.4,12.0050725
614,22,57,152,207,,,,0.130136986,0.347031963,0.47260274,0.050228311,14.85545992
615,34,6,87,90,,,,0.02764977,0.400921659,0.414746544,0.156682028,13.52530372
616,78,6,20,104,,,,0.028846154,0.096153846,0.5,0.375,12.37691808
617,44,48,108,97,,,,0.161616162,0.363636364,0.326599327,0.148148148,15.51463368
618,35,41,55,93,,,,0.183035714,0.245535714,0.415178571,0.15625,13.29849573
619,0,19,9,1,,,,0.655172414,0.310344828,0.034482759,0,13.48380726
620,57,16,80,129,,,,0.056737589,0.283687943,0.457446809,0.20212766,14.25719379
621,59,148,218,242,,,,0.221889055,0.326836582,0.362818591,0.088455772,13.71088615
622,32,28,90,74,,,,0.125,0.401785714,0.330357143,0.142857143,12.89931982
623,1,87,37,147,,,,0.319852941,0.136029412,0.540441176,0.003676471,17.1023883
624,197,0,11,242,,,,0,0.024444444,0.537777778,0.437777778,12.78285533
625,41,8,36,232,,,,0.025236593,0.113564669,0.731861199,0.129337539,13.20745994
626,0,0,0,0,,,,0,0,0,0,0
627,0,4,9,20,,,,0.121212121,0.272727273,0.606060606,0,11.66978019
628,130,12,95,194,,,,0.027842227,0.220417633,0.450116009,0.30162413,14.73021611
629,0,10,23,11,,,,0.227272727,0.522727273,0.25,0,13.04452955
630,56,85,49,90,,,,0.303571429,0.175,0.321428571,0.2,13.43296329
631,175,3,0,130,,,,0.00974026,0,0.422077922,0.568181818,13.2563825
632,35,59,86,32,,,,0.278301887,0.405660377,0.150943396,0.16509434,13.17464836
633,170,33,0,26,,,,0.144104803,0,0.113537118,0.742358079,13.80672749
634,19,0,4,16,,,,0,0.102564103,0.41025641,0.487179487,10.95853472
635,4,166,156,170,,,,0.334677419,0.314516129,0.342741935,0.008064516,13.15188031
636,0,0,0,0,,,,0,0,0,0,0
637,5,3,30,22,,,,0.05,0.5,0.366666667,0.083333333,13.09785362
638,71,117,125,262,,,,0.203478261,0.217391304,0.455652174,0.123478261,13.35740312
639,24,124,52,145,,,,0.35942029,0.150724638,0.420289855,0.069565217,12.39362997
640,0,0,0,0,,,,0,0,0,0,0
641,1,9,19,6,,,,0.257142857,0.542857143,0.171428571,0.028571429,16.20731823
642,9,22,7,12,,,,0.44,0.14,0.24,0.18,13.67191254
643,0,0,0,0,,,,0,0,0,0,0
644,57,139,72,76,,,,0.404069767,0.209302326,0.220930233,0.165697674,12.58489686
645,64,196,81,131,,,,0.415254237,0.171610169,0.277542373,0.13559322,13.84107692
646,188,23,64,229,,,,0.045634921,0.126984127,0.454365079,0.373015873,15.56164607
647,96,13,28,126,,,,0.049429658,0.106463878,0.479087452,0.365019011,13.83370329
648,7,1,20,14,,,,0.023809524,0.476190476,0.333333333,0.166666667,13.81578156
649,151,99,180,276,,,,0.140226629,0.254957507,0.390934844,0.21388102,13.57783764
650,0,8,9,30,,,,0.170212766,0.191489362,0.638297872,0,12.87501608
651,0,0,35,24,,,,0,0.593220339,0.406779661,0,13.81238797
652,12,0,6,24,,,,0,0.142857143,0.571428571,0.285714286,13.17658809
653,9,230,58,5,,,,0.761589404,0.19205298,0.016556291,0.029801325,15.22460343
654,19,4,12,35,,,,0.057142857,0.171428571,0.5,0.271428571,18.86967085
655,83,41,2,74,,,,0.205,0.01,0.37,0.415,12.94028437
656,90,2,24,80,,,,0.010204082,0.12244898,0.408163265,0.459183673,15.37947818
657,0,0,0,0,,,,0,0,0,0,0
658,25,0,1,20,,,,0,0.02173913,0.434782609,0.543478261,18.60347335
659,12,19,8,6,,,,0.422222222,0.177777778,0.133333333,0.266666667,18.15622906
660,0,31,178,68,,,,0.111913357,0.642599278,0.245487365,0,12.12887651
661,0,0,0,0,,,,0,0,0,0,0
662,1,17,1,20,,,,0.435897436,0.025641026,0.512820513,0.025641026,11.61070258
663,0,0,0,0,,,,0,0,0,0,13.58493447
664,37,86,92,198,,,,0.208232446,0.222760291,0.479418886,0.089588378,13.16503664
665,1,171,317,272,,,,0.224704336,0.416557162,0.357424442,0.00131406,13.01748175
666,0,3,19,4,,,,0.115384615,0.730769231,0.153846154,0,16.61749368
667,18,1,4,37,,,,0.016666667,0.066666667,0.616666667,0.3,14.07052075
668,213,46,50,182,,,,0.093686354,0.101832994,0.370672098,0.433808554,14.29287528
669,1,232,227,54,,,,0.451361868,0.441634241,0.105058366,0.001945525,14.10331051
670,0,11,11,20,,,,0.261904762,0.261904762,0.476190476,0,13.23476506
671,87,54,79,156,,,,0.143617021,0.210106383,0.414893617,0.231382979,15.97357047
672,0,110,135,26,,,,0.405904059,0.498154982,0.095940959,0,13.0800883
673,45,22,56,110,,,,0.094420601,0.240343348,0.472103004,0.193133047,13.02056406
674,0,0,3,37,,,,0,0.075,0.925,0,11.58064768
675,24,104,174,101,,,,0.258064516,0.431761787,0.250620347,0.05955335,13.61349223
676,8,2,9,31,,,,0.04,0.18,0.62,0.16,13.23293565
677,4,4,26,12,,,,0.086956522,0.565217391,0.260869565,0.086956522,18.10496775
678,31,170,103,47,,,,0.484330484,0.293447293,0.133903134,0.088319088,14.89475752
679,38,132,42,329,,,,0.243992606,0.077634011,0.608133087,0.070240296,12.90185143
680,0,0,0,0,,,,0,0,0,0,0
681,2,0,0,40,,,,0,0,0.952380952,0.047619048,12.01866128
682,55,170,116,221,,,,0.302491103,0.206405694,0.393238434,0.097864769,13.84430885
683,16,0,4,24,,,,0,0.090909091,0.545454545,0.363636364,14.30065955
684,33,22,26,251,,,,0.06626506,0.078313253,0.756024096,0.09939759,12.60766262
685,0,173,108,1,,,,0.613475177,0.382978723,0.003546099,0,13.88333177
686,0,27,9,8,,,,0.613636364,0.204545455,0.181818182,0,11.93065532
687,69,82,75,174,,,,0.205,0.1875,0.435,0.1725,14.1997565
688,45,10,49,105,,,,0.04784689,0.234449761,0.502392344,0.215311005,13.20711921
689,46,173,99,236,,,,0.312274368,0.178700361,0.42599278,0.083032491,14.7323988
690,48,5,74,194,,,,0.015576324,0.230529595,0.604361371,0.14953271,12.68435251
691,0,0,0,0,,,,0,0,0,0,13.09600638
692,0,96,204,162,,,,0.207792208,0.441558442,0.350649351,0,14.85599402
693,57,89,129,149,,,,0.20990566,0.304245283,0.351415094,0.134433962,13.87966482
694,5,115,165,92,,,,0.305039788,0.437665782,0.24403183,0.013262599,16.30936016
695,47,2,91,350,,,,0.004081633,0.185714286,0.714285714,0.095918367,12.89020635
696,1,6,12,18,,,,0.162162162,0.324324324,0.486486486,0.027027027,11.4154573
697,16,103,75,40,,,,0.44017094,0.320512821,0.170940171,0.068376068,14.3847228
698,11,3,4,10,,,,0.107142857,0.142857143,0.357142857,0.392857143,12.19077659
699,12,0,4,21,,,,0,0.108108108,0.567567568,0.324324324,16.97131278
700,23,6,2,2,,,,0.181818182,0.060606061,0.060606061,0.696969697,16.26312839
701,38,53,83,132,,,,0.173202614,0.27124183,0.431372549,0.124183007,16.94003384
702,16,205,13,127,,,,0.567867036,0.03601108,0.351800554,0.04432133,14.61255823
703,18,0,20,13,,,,0,0.392156863,0.254901961,0.352941176,15.10838231
704,44,1,8,178,,,,0.004329004,0.034632035,0.770562771,0.19047619,15.62752362
705,7,7,6,14,,,,0.205882353,0.176470588,0.411764706,0.205882353,13.03125645
706,25,0,0,27,,,,0,0,0.519230769,0.480769231,15.17991494
707,3,80,125,27,,,,0.340425532,0.531914894,0.114893617,0.012765957,13.45023525
708,0,4,17,6,,,,0.148148148,0.62962963,0.222222222,0,9.595684336
709,1,102,78,36,,,,0.470046083,0.359447005,0.165898618,0.004608295,14.86916699
710,8,9,3,12,,,,0.28125,0.09375,0.375,0.25,11.27452557
711,78,6,18,168,,,,0.022222222,0.066666667,0.622222222,0.288888889,14.22395556
712,29,9,226,178,,,,0.020361991,0.511312217,0.402714932,0.06561086,12.44358422
713,0,0,23,7,,,,0,0.766666667,0.233333333,0,14.37386005
714,22,60,57,84,,,,0.269058296,0.255605381,0.376681614,0.098654709,12.18108798
715,13,0,14,14,,,,0,0.341463415,0.341463415,0.317073171,17.78187974
716,0,11,25,0,,,,0.305555556,0.694444444,0,0,12.81266995
717,13,0,11,10,,,,0,0.323529412,0.294117647,0.382352941,16.85705193
718,3,35,9,5,,,,0.673076923,0.173076923,0.096153846,0.057692308,13.05000082
719,1,5,31,29,,,,0.075757576,0.46969697,0.439393939,0.015151515,11.97274607
720,0,8,13,6,,,,0.296296296,0.481481481,0.222222222,0,13.75760094
721,10,0,121,157,,,,0,0.420138889,0.545138889,0.034722222,13.02705915
722,202,128,47,40,,,,0.306954436,0.112709832,0.095923261,0.48441247,14.60620283
723,0,0,0,0,,,,0,0,0,0,0
724,189,63,102,268,,,,0.101286174,0.163987138,0.430868167,0.303858521,16.32411766
725,260,49,0,150,,,,0.106753813,0,0.326797386,0.566448802,20.60674675
726,1,104,69,86,,,,0.4,0.265384615,0.330769231,0.003846154,14.22712573
727,85,74,149,207,,,,0.14368932,0.289320388,0.401941748,0.165048544,12.69563752
728,95,90,41,184,,,,0.219512195,0.1,0.448780488,0.231707317,13.90573308
729,0,37,89,80,,,,0.17961165,0.432038835,0.388349515,0,12.92105603
730,55,23,147,129,,,,0.064971751,0.415254237,0.36440678,0.155367232,12.64301936
731,0,0,0,0,,,,0,0,0,0,0
732,0,15,13,26,,,,0.277777778,0.240740741,0.481481481,0,15.97327593
733,1,104,52,14,,,,0.608187135,0.304093567,0.081871345,0.005847953,15.70698358
734,0,0,0,0,,,,0,0,0,0,0
735,64,0,35,135,,,,0,0.14957265,0.576923077,0.273504274,13.42486768
736,1,29,12,11,,,,0.547169811,0.226415094,0.20754717,0.018867925,13.59982715
737,0,0,23,18,,,,0,0.56097561,0.43902439,0,13.90956553
738,0,0,0,0,,,,0,0,0,0,0
739,0,25,11,7,,,,0.581395349,0.255813953,0.162790698,0,11.80324406
740,22,10,79,223,,,,0.02994012,0.236526946,0.667664671,0.065868263,13.49181246
741,26,16,53,101,,,,0.081632653,0.270408163,0.515306122,0.132653061,13.13641852
742,201,34,33,342,,,,0.055737705,0.054098361,0.560655738,0.329508197,12.42909842
743,10,159,189,124,,,,0.329875519,0.392116183,0.257261411,0.020746888,14.39989076
744,65,15,13,134,,,,0.066079295,0.057268722,0.59030837,0.286343612,13.23551054
745,6,27,63,179,,,,0.098181818,0.229090909,0.650909091,0.021818182,15.72575176
746,85,26,93,95,,,,0.086956522,0.311036789,0.317725753,0.284280936,14.21933634
747,0,33,23,2,,,,0.568965517,0.396551724,0.034482759,0,20.10586662
748,5,1,27,37,,,,0.014285714,0.385714286,0.528571429,0.071428571,17.95952572
749,61,73,22,41,,,,0.370558376,0.111675127,0.208121827,0.30964467,13.47488337
750,0,0,0,0,,,,0,0,0,0,10.76464871
751,5,0,15,171,,,,0,0.078534031,0.895287958,0.02617801,12.81035455
752,0,4,34,1,,,,0.102564103,0.871794872,0.025641026,0,11.5901049
753,92,0,109,211,,,,0,0.264563107,0.512135922,0.223300971,14.0702334
754,0,14,26,14,,,,0.259259259,0.481481481,0.259259259,0,12.67479741
755,0,11,12,11,,,,0.323529412,0.352941176,0.323529412,0,12.78253494
756,1,3,8,23,,,,0.085714286,0.228571429,0.657142857,0.028571429,18.06241406
757,74,185,44,257,,,,0.330357143,0.078571429,0.458928571,0.132142857,13.30901249
758,2,6,12,8,,,,0.214285714,0.428571429,0.285714286,0.071428571,11.60538011
759,6,0,100,224,,,,0,0.303030303,0.678787879,0.018181818,12.87550548
760,180,82,54,218,,,,0.153558052,0.101123596,0.4082397,0.337078652,13.25354877
761,14,2,3,34,,,,0.037735849,0.056603774,0.641509434,0.264150943,10.96664254
762,5,4,17,5,,,,0.129032258,0.548387097,0.161290323,0.161290323,16.3893832
763,0,0,7,24,,,,0,0.225806452,0.774193548,0,13.96885284
764,292,5,15,397,,,,0.007052186,0.021156559,0.559943583,0.411847673,12.31854951
765,0,0,0,0,,,,0,0,0,0,0
766,96,4,44,135,,,,0.014336918,0.157706093,0.483870968,0.344086022,15.40579179
767,8,69,110,111,,,,0.231543624,0.369127517,0.372483221,0.026845638,12.89443347
768,0,10,9,8,,,,0.37037037,0.333333333,0.296296296,0,14.20770864
769,27,66,155,115,,,,0.181818182,0.426997245,0.316804408,0.074380165,17.04839097
770,43,297,85,156,,,,0.511187608,0.146299484,0.268502582,0.074010327,13.43478642
771,0,10,1,18,,,,0.344827586,0.034482759,0.620689655,0,12.36572879
772,14,13,12,14,,,,0.245283019,0.226415094,0.264150943,0.264150943,13.97245397
773,60,38,43,125,,,,0.142857143,0.161654135,0.469924812,0.22556391,12.70789444
774,17,0,30,7,,,,0,0.555555556,0.12962963,0.314814815,13.56351378
775,0,18,10,15,,,,0.418604651,0.23255814,0.348837209,0,16.07514352
776,22,16,57,169,,,,0.060606061,0.215909091,0.640151515,0.083333333,12.1519088
777,1,0,1,17,,,,0,0.052631579,0.894736842,0.052631579,11.28488217
778,6,11,58,111,,,,0.059139785,0.311827957,0.596774194,0.032258065,14.36027234
779,0,167,113,56,,,,0.49702381,0.336309524,0.166666667,0,13.16482423
780,17,35,67,160,,,,0.125448029,0.240143369,0.573476703,0.0609319,13.75901883
781,0,67,110,57,,,,0.286324786,0.47008547,0.243589744,0,15.37019486
782,106,48,31,203,,,,0.12371134,0.079896907,0.523195876,0.273195876,14.60013456
783,0,0,0,0,,,,0,0,0,0,0
784,0,30,106,83,,,,0.136986301,0.484018265,0.378995434,0,12.84159328
785,81,28,91,248,,,,0.0625,0.203125,0.553571429,0.180803571,16.76897124
786,83,14,16,122,,,,0.059574468,0.068085106,0.519148936,0.353191489,17.6190593
787,1,1,20,24,,,,0.02173913,0.434782609,0.52173913,0.02173913,11.83254378
788,1,39,114,86,,,,0.1625,0.475,0.358333333,0.004166667,14.00090516
789,11,18,1,9,,,,0.461538462,0.025641026,0.230769231,0.282051282,14.28258929
790,35,1,26,166,,,,0.004385965,0.114035088,0.728070175,0.153508772,12.41328536
791,0,1,9,17,,,,0.037037037,0.333333333,0.62962963,0,10.2227792
792,0,0,16,32,,,,0,0.333333333,0.666666667,0,13.92502982
793,83,96,53,205,,,,0.219679634,0.121281465,0.469107551,0.18993135,14.28055031
794,27,2,1,24,,,,0.037037037,0.018518519,0.444444444,0.5,19.68877823
795,1,9,19,19,,,,0.1875,0.395833333,0.395833333,0.020833333,26.40280564
796,0,0,0,0,,,,0,0,0,0,0
797,3,9,8,2,,,,0.409090909,0.363636364,0.090909091,0.136363636,10.8889713
798,0,9,27,14,,,,0.18,0.54,0.28,0,11.85160902
799,0,0,0,0,,,,0,0,0,0,0
800,1,6,9,27,,,,0.139534884,0.209302326,0.627906977,0.023255814,15.08935059
801,0,0,0,0,,,,0,0,0,0,13.34553041
802,19,0,0,8,,,,0,0,0.296296296,0.703703704,12.32954152
803,25,0,9,26,,,,0,0.15,0.433333333,0.416666667,18.45508245
804,0,0,0,0,,,,0,0,0,0,0
805,68,144,50,190,,,,0.318584071,0.110619469,0.420353982,0.150442478,14.33694438
806,33,70,111,84,,,,0.234899329,0.372483221,0.281879195,0.110738255,13.27532998
807,0,135,167,23,,,,0.415384615,0.513846154,0.070769231,0,12.76053635
808,120,21,95,136,,,,0.056451613,0.255376344,0.365591398,0.322580645,14.49438343
809,11,0,6,17,,,,0,0.176470588,0.5,0.323529412,13.52050232
810,20,2,7,29,,,,0.034482759,0.120689655,0.5,0.344827586,12.58197737
811,22,127,51,53,,,,0.501976285,0.201581028,0.209486166,0.086956522,14.54792191
812,0,0,0,0,,,,0,0,0,0,0
813,0,133,88,17,,,,0.558823529,0.369747899,0.071428571,0,14.27215586
814,2,8,16,18,,,,0.181818182,0.363636364,0.409090909,0.045454545,14.80783205
815,18,1,8,10,,,,0.027027027,0.216216216,0.27027027,0.486486486,10.85131632
816,91,23,59,117,,,,0.079310345,0.203448276,0.403448276,0.313793103,15.02638671
817,0,0,0,0,,,,0,0,0,0,0
818,62,25,49,96,,,,0.107758621,0.211206897,0.413793103,0.267241379,14.61349423
819,70,2,8,197,,,,0.007220217,0.028880866,0.711191336,0.252707581,12.16514473
820,80,41,29,224,,,,0.109625668,0.077540107,0.598930481,0.213903743,12.44066641
821,0,17,16,0,,,,0.515151515,0.484848485,0,0,15.17740683
822,28,33,167,181,,,,0.080684597,0.408312958,0.442542787,0.068459658,13.68449906
823,4,0,18,31,,,,0,0.339622642,0.58490566,0.075471698,13.01599741
824,0,92,102,57,,,,0.366533865,0.406374502,0.227091633,0,13.69507684
825,0,0,16,28,,,,0,0.363636364,0.636363636,0,13.72893538
826,3,0,6,35,,,,0,0.136363636,0.795454545,0.068181818,13.95883064
827,0,8,159,57,,,,0.035714286,0.709821429,0.254464286,0,13.57345384
828,0,20,12,12,,,,0.454545455,0.272727273,0.272727273,0,18.48361846
829,66,16,213,209,,,,0.031746032,0.422619048,0.41468254,0.130952381,12.84276293
830,0,7,122,112,,,,0.029045643,0.506224066,0.46473029,0,13.64418675
831,13,145,102,118,,,,0.383597884,0.26984127,0.312169312,0.034391534,12.94140243
832,0,0,0,0,,,,0,0,0,0,0
833,0,4,27,7,,,,0.105263158,0.710526316,0.184210526,0,14.02277511
834,0,0,0,0,,,,0,0,0,0,15.02676529
835,72,0,1,177,,,,0,0.004,0.708,0.288,12.47555903
836,60,86,70,28,,,,0.352459016,0.286885246,0.114754098,0.245901639,12.86382305
837,7,0,0,46,,,,0,0,0.867924528,0.132075472,13.43205484
838,75,7,50,111,,,,0.028806584,0.205761317,0.456790123,0.308641975,17.52608556
839,0,7,17,6,,,,0.233333333,0.566666667,0.2,0,10.25855135
840,39,158,62,59,,,,0.496855346,0.194968553,0.185534591,0.122641509,16.1341894
841,20,18,4,14,,,,0.321428571,0.071428571,0.25,0.357142857,16.41375707
842,0,1,9,25,,,,0.028571429,0.257142857,0.714285714,0,15.42635168
843,20,107,30,65,,,,0.481981982,0.135135135,0.292792793,0.09009009,13.95993591
844,0,1,13,9,,,,0.043478261,0.565217391,0.391304348,0,16.7362951
845,7,25,0,12,,,,0.568181818,0,0.272727273,0.159090909,11.74152127
846,0,1,7,26,,,,0.029411765,0.205882353,0.764705882,0,12.63915685
847,74,3,43,155,,,,0.010909091,0.156363636,0.563636364,0.269090909,20.07710059
848,24,27,96,59,,,,0.131067961,0.466019417,0.286407767,0.116504854,12.13530012
849,0,0,0,0,,,,0,0,0,0,11.85714688
850,0,0,0,0,,,,0,0,0,0,0
851,0,7,2,23,,,,0.21875,0.0625,0.71875,0,8.956325361
852,0,70,101,104,,,,0.254545455,0.367272727,0.378181818,0,13.86303207
853,14,8,12,11,,,,0.177777778,0.266666667,0.244444444,0.311111111,12.05643896
854,171,126,53,225,,,,0.219130435,0.092173913,0.391304348,0.297391304,12.29533527
855,2,0,8,27,,,,0,0.216216216,0.72972973,0.054054054,15.05099758
856,9,0,2,28,,,,0,0.051282051,0.717948718,0.230769231,16.11763109
857,8,0,1,21,,,,0,0.033333333,0.7,0.266666667,14.11776057
858,0,0,0,0,,,,0,0,0,0,0
859,102,15,39,127,,,,0.053003534,0.137809187,0.448763251,0.360424028,12.93597209
860,0,0,0,0,,,,0,0,0,0,0
861,0,0,0,0,,,,0,0,0,0,0
862,1,92,166,240,,,,0.184368737,0.332665331,0.480961924,0.002004008,12.81801555
863,1,25,131,84,,,,0.10373444,0.543568465,0.348547718,0.004149378,14.05806599
864,34,29,36,89,,,,0.154255319,0.191489362,0.473404255,0.180851064,12.94884808
865,6,57,130,52,,,,0.232653061,0.530612245,0.212244898,0.024489796,12.35520094
866,58,2,5,169,,,,0.008547009,0.021367521,0.722222222,0.247863248,12.12242065
867,10,40,97,84,,,,0.173160173,0.41991342,0.363636364,0.043290043,12.16389151
868,0,125,83,31,,,,0.523012552,0.347280335,0.129707113,0,13.94100519
869,0,0,0,0,,,,0,0,0,0,0
870,0,45,11,2,,,,0.775862069,0.189655172,0.034482759,0,16.36237324
871,133,16,29,168,,,,0.046242775,0.083815029,0.485549133,0.384393064,13.0820811
872,24,4,97,198,,,,0.012383901,0.300309598,0.613003096,0.074303406,16.46854829
873,0,0,0,0,,,,0,0,0,0,0
874,3,3,4,48,,,,0.051724138,0.068965517,0.827586207,0.051724138,15.88253537
875,87,4,44,85,,,,0.018181818,0.2,0.386363636,0.395454545,12.51585424
876,0,7,31,33,,,,0.098591549,0.436619718,0.464788732,0,14.86798595
877,3,0,8,16,,,,0,0.296296296,0.592592593,0.111111111,13.16195539
878,157,45,47,357,,,,0.074257426,0.077557756,0.589108911,0.259075908,13.18840268
879,10,42,49,159,,,,0.161538462,0.188461538,0.611538462,0.038461538,14.07132924
880,15,70,66,226,,,,0.185676393,0.175066313,0.599469496,0.039787798,13.19337323
881,0,48,115,67,,,,0.208695652,0.5,0.291304348,0,13.88670239
882,130,84,60,39,,,,0.268370607,0.191693291,0.124600639,0.415335463,14.41197907
883,51,141,47,194,,,,0.325635104,0.108545035,0.448036952,0.11778291,13.16346029
884,53,10,81,204,,,,0.028735632,0.232758621,0.586206897,0.152298851,13.77766186
885,40,0,148,320,,,,0,0.291338583,0.62992126,0.078740157,13.29102376
886,0,0,0,0,,,,0,0,0,0,0
887,0,152,208,182,,,,0.280442804,0.383763838,0.335793358,0,13.75546519
888,0,20,21,8,,,,0.408163265,0.428571429,0.163265306,0,13.3876979
889,1,7,1,17,,,,0.269230769,0.038461538,0.653846154,0.038461538,15.22583913
890,6,0,3,36,,,,0,0.066666667,0.8,0.133333333,12.81559651
891,30,25,127,137,,,,0.078369906,0.398119122,0.429467085,0.094043887,13.68418697
892,32,61,69,125,,,,0.212543554,0.240418118,0.43554007,0.111498258,14.67528713
893,9,220,20,314,,,,0.390763766,0.035523979,0.557726465,0.01598579,13.11323344
894,2,4,24,2,,,,0.125,0.75,0.0625,0.0625,12.94374026
895,0,5,12,24,,,,0.12195122,0.292682927,0.585365854,0,12.58095847
896,0,0,0,0,,,,0,0,0,0,0
897,0,181,126,5,,,,0.580128205,0.403846154,0.016025641,0,13.42308275
898,0,8,3,36,,,,0.170212766,0.063829787,0.765957447,0,13.28964847
899,0,0,0,0,,,,0,0,0,0,0
900,0,7,12,10,,,,0.24137931,0.413793103,0.344827586,0,23.20566977
901,32,117,110,151,,,,0.285365854,0.268292683,0.368292683,0.07804878,14.58884711
902,118,2,30,274,,,,0.004716981,0.070754717,0.646226415,0.278301887,12.61776034
903,69,3,23,97,,,,0.015625,0.119791667,0.505208333,0.359375,13.80594184
904,0,0,2,27,,,,0,0.068965517,0.931034483,0,14.98674064
905,0,0,9,22,,,,0,0.290322581,0.709677419,0,12.83765247
906,1,162,230,35,,,,0.378504673,0.537383178,0.081775701,0.002336449,14.27158436
907,17,0,0,33,,,,0,0,0.66,0.34,13.52601889
908,20,0,1,8,,,,0,0.034482759,0.275862069,0.689655172,15.61595417
909,0,2,22,11,,,,0.057142857,0.628571429,0.314285714,0,16.68789784
910,0,0,0,0,,,,0,0,0,0,0
911,37,25,136,202,,,,0.0625,0.34,0.505,0.0925,13.44950115
912,0,4,41,5,,,,0.08,0.82,0.1,0,11.00206706
913,19,1,10,18,,,,0.020833333,0.208333333,0.375,0.395833333,12.33544932
914,9,5,12,24,,,,0.1,0.24,0.48,0.18,17.60633914
915,42,23,44,109,,,,0.105504587,0.201834862,0.5,0.19266055,16.52206318
916,1,15,43,24,,,,0.180722892,0.518072289,0.289156627,0.012048193,15.19751682
917,10,4,11,18,,,,0.093023256,0.255813953,0.418604651,0.23255814,17.9789159
918,0,59,97,62,,,,0.270642202,0.444954128,0.28440367,0,15.59296349
919,55,0,8,182,,,,0,0.032653061,0.742857143,0.224489796,14.69392451
920,0,0,0,0,,,,0,0,0,0,0
921,0,0,0,0,,,,0,0,0,0,0
922,106,29,47,149,,,,0.087613293,0.141993958,0.450151057,0.320241692,13.67351199
923,3,44,114,162,,,,0.13622291,0.352941176,0.501547988,0.009287926,12.82439374
924,4,5,3,7,,,,0.263157895,0.157894737,0.368421053,0.210526316,10.83529211
925,34,112,21,32,,,,0.56281407,0.105527638,0.16080402,0.170854271,15.77922841
926,5,5,25,12,,,,0.106382979,0.531914894,0.255319149,0.106382979,13.92920468
927,13,2,1,16,,,,0.0625,0.03125,0.5,0.40625,14.10221304
928,12,69,277,157,,,,0.133980583,0.537864078,0.304854369,0.023300971,12.76704532
929,5,49,314,54,,,,0.116113744,0.744075829,0.127962085,0.011848341,12.21300992
930,175,3,7,104,,,,0.010380623,0.024221453,0.359861592,0.605536332,12.63225154
931,4,1,12,16,,,,0.03030303,0.363636364,0.484848485,0.121212121,14.43383628
932,13,62,120,47,,,,0.256198347,0.495867769,0.194214876,0.053719008,14.84556883
933,2,237,127,119,,,,0.488659794,0.26185567,0.245360825,0.004123711,13.27485793
934,0,9,26,0,,,,0.257142857,0.742857143,0,0,10.96354099
935,72,131,53,150,,,,0.322660099,0.130541872,0.369458128,0.177339901,15.42616895
936,165,66,11,88,,,,0.2,0.033333333,0.266666667,0.5,14.23358721